Klubname,Datum,Besuchername,Besucherzahl,Eintrittspreis,Bewertung
Renate,2022-07-17,Sophie,128,19.19,4
Renate,2022-05-30,Max,296,5.86,5
KitKatClub,2022-04-20,Sophie,297,9.72,4
Renate,2022-04-17,Anna,169,6.5,2
KitKatClub,2022-04-11,Lena,50,10.97,3
Ipse,2022-01-28,Lena,176,7.43,4
Tresor,2022-08-09,Anna,294,10.83,2
Tresor,2022-02-14,Max,95,6.53,3
Sisyphos,2022-09-12,Max,141,7.59,4
Salon zur Wilden Renate,2022-07-24,Anna,155,17.86,5
Sisyphos,2022-11-18,Sophie,249,6.21,3
Tresor,2022-06-14,Lena,88,6.75,5
Ipse,2022-08-09,Anna,50,13.03,4
KitKatClub,2022-02-14,Lena,282,17.97,3
Salon zur Wilden Renate,2022-03-27,Lena,102,17.04,2
Renate,2022-07-07,Anna,141,15.9,1
Renate,2022-02-06,Anna,200,6.22,2
Sisyphos,2022-09-20,Sophie,250,14.26,1
Salon zur Wilden Renate,2022-11-27,Paul,115,12.54,4
KitKatClub,2022-06-01,Max,140,9.13,1
Tresor,2022-06-08,Max,228,10.42,4
Sisyphos,2022-09-10,Sophie,147,10.66,1
Renate,2022-11-15,Max,131,12.25,2
Salon zur Wilden Renate,2022-12-05,Lena,282,18.88,2
Tresor,2022-02-19,Sophie,294,18.45,3
Sisyphos,2022-09-29,Paul,191,10.49,5
Watergate,2022-04-22,Anna,265,6.53,4
Tresor,2022-12-21,Sophie,286,18.85,4
KitKatClub,2022-04-01,Anna,253,6.91,4
Sisyphos,2022-06-25,Max,204,13.51,2
Renate,2022-05-09,Lena,62,5.94,4
Salon zur Wilden Renate,2022-09-18,Max,169,15.32,3
Renate,2022-10-11,Paul,130,19.22,4
Berghain,2022-09-30,Max,66,17.23,3
Watergate,2022-02-12,Lena,185,7.4,3
Kater Blau,2022-03-29,Anna,273,7.5,3
Tresor,2022-06-17,Sophie,75,11.85,3
Ipse,2022-06-12,Paul,50,12.65,4
Renate,2022-02-19,Sophie,300,7.05,5
Berghain,2022-02-27,Lena,148,15.87,1
About Blank,2022-11-09,Sophie,161,5.37,1
Kater Blau,2022-11-15,Paul,81,18.77,1
Renate,2022-03-21,Max,297,9.38,4
Berghain,2022-10-05,Sophie,272,13.59,5
Ipse,2022-03-26,Paul,148,17.19,4
Sisyphos,2022-02-28,Sophie,252,10.44,3
About Blank,2022-01-20,Anna,181,5.41,3
Renate,2022-10-16,Max,245,19.66,1
KitKatClub,2022-04-06,Lena,98,15.37,3
Salon zur Wilden Renate,2022-12-19,Sophie,266,7.12,4
Berghain,2022-10-29,Anna,188,16.61,2
About Blank,2022-04-17,Paul,276,11.46,3
Sisyphos,2022-04-08,Sophie,280,15.17,2
Berghain,2022-08-16,Paul,273,8.84,4
Salon zur Wilden Renate,2022-04-02,Max,198,8.96,3
Berghain,2022-07-07,Max,152,10.0,2
Tresor,2022-01-19,Sophie,188,18.87,3
KitKatClub,2022-03-27,Paul,68,16.15,5
Watergate,2022-03-18,Anna,66,13.58,3
Ipse,2022-07-24,Sophie,247,14.81,3
Berghain,2022-08-03,Max,202,13.84,4
Watergate,2022-07-05,Max,231,14.17,4
About Blank,2022-07-29,Anna,175,13.9,3
Tresor,2022-02-03,Anna,232,13.82,3
Tresor,2022-12-03,Lena,124,5.66,1
Kater Blau,2022-04-24,Lena,118,15.38,3
About Blank,2022-12-01,Lena,113,11.89,3
Tresor,2022-01-27,Sophie,99,15.07,3
About Blank,2022-02-19,Paul,111,6.57,2
Salon zur Wilden Renate,2022-01-13,Anna,107,13.61,2
Watergate,2022-10-19,Paul,207,5.7,2
Tresor,2022-02-16,Sophie,107,11.85,3
Sisyphos,2022-06-07,Lena,255,12.66,5
Berghain,2022-08-30,Lena,103,17.55,4
Sisyphos,2022-10-11,Anna,165,16.81,4
Watergate,2022-01-31,Max,76,16.46,3
Kater Blau,2022-12-04,Max,54,9.46,2
Tresor,2022-03-10,Sophie,108,5.63,2
Watergate,2022-02-24,Paul,213,7.4,3
Ipse,2022-10-08,Paul,161,18.27,5
Sisyphos,2022-05-27,Anna,54,11.48,5
Ipse,2022-05-24,Paul,201,11.55,4
Sisyphos,2022-02-09,Paul,231,12.7,3
Renate,2022-05-19,Lena,64,9.82,1
Renate,2022-09-06,Anna,142,6.56,1
Berghain,2022-07-15,Paul,75,9.03,3
KitKatClub,2022-10-22,Max,246,8.42,4
KitKatClub,2022-01-31,Paul,216,11.33,5
Ipse,2022-03-03,Paul,266,6.55,4
Tresor,2022-02-16,Anna,186,8.12,3
About Blank,2022-12-12,Paul,156,19.82,3
About Blank,2022-09-29,Anna,157,13.3,3
Watergate,2022-08-01,Max,274,16.39,4
About Blank,2022-12-31,Max,249,15.96,2
Renate,2022-02-04,Max,76,10.74,5
Watergate,2022-08-25,Lena,87,15.49,5
Berghain,2022-08-16,Sophie,53,10.01,4
Berghain,2022-09-24,Lena,92,13.55,2
Berghain,2022-09-23,Max,109,10.72,3
Tresor,2022-10-01,Anna,155,10.31,5
Ipse,2022-02-14,Lena,224,17.34,5
Kater Blau,2022-01-06,Paul,237,11.72,2
KitKatClub,2022-11-06,Paul,266,11.32,4
About Blank,2022-05-17,Anna,199,17.35,2
Kater Blau,2022-11-19,Paul,283,14.78,2
Watergate,2022-07-27,Anna,90,5.21,4
Berghain,2022-01-03,Anna,288,16.61,4
Sisyphos,2022-02-08,Paul,122,5.5,5
About Blank,2022-02-02,Sophie,163,16.66,5
KitKatClub,2022-12-19,Paul,132,16.14,5
Kater Blau,2022-06-24,Paul,230,11.58,1
Watergate,2022-04-14,Paul,78,8.08,1
Watergate,2022-02-26,Sophie,66,18.14,3
Ipse,2022-09-13,Max,211,15.19,5
KitKatClub,2022-09-08,Anna,233,12.58,1
Watergate,2022-01-03,Sophie,98,15.01,4
Salon zur Wilden Renate,2022-09-24,Sophie,293,19.84,2
Berghain,2022-01-02,Max,104,8.42,2
About Blank,2022-12-28,Max,190,12.38,4
Berghain,2022-10-17,Anna,180,15.19,2
Kater Blau,2022-08-22,Lena,202,18.08,3
Ipse,2022-03-10,Lena,226,7.97,1
Berghain,2022-10-18,Max,57,6.17,3
Tresor,2022-04-21,Anna,129,8.02,1
Watergate,2022-06-18,Anna,119,17.09,1
Watergate,2022-11-24,Max,299,12.22,3
Salon zur Wilden Renate,2022-04-29,Anna,208,5.77,1
Salon zur Wilden Renate,2022-12-02,Paul,125,6.59,4
Sisyphos,2022-05-04,Sophie,284,9.28,4
Renate,2022-12-09,Lena,61,10.26,2
Tresor,2022-04-04,Max,82,17.6,3
About Blank,2022-01-18,Max,137,10.1,2
About Blank,2022-11-29,Paul,187,14.03,2
Salon zur Wilden Renate,2022-09-27,Lena,156,9.25,2
Renate,2022-01-01,Anna,221,15.15,2
Kater Blau,2022-07-12,Paul,115,10.4,2
About Blank,2022-05-11,Max,124,5.16,3
Kater Blau,2022-09-12,Paul,196,11.58,5
Ipse,2022-02-26,Lena,191,8.25,1
Watergate,2022-11-20,Paul,118,18.51,3
Sisyphos,2022-02-25,Paul,156,16.2,1
Tresor,2022-11-08,Sophie,276,6.17,2
Kater Blau,2022-11-22,Max,254,12.82,4
KitKatClub,2022-03-14,Sophie,260,15.83,1
Tresor,2022-01-21,Lena,203,19.6,3
Berghain,2022-07-09,Lena,193,17.52,5
KitKatClub,2022-06-20,Paul,169,13.79,5
Sisyphos,2022-12-26,Sophie,151,18.03,1
KitKatClub,2022-03-18,Lena,191,11.83,3
Watergate,2022-06-12,Sophie,209,12.47,5
Kater Blau,2022-05-15,Sophie,53,13.9,5
Renate,2022-11-13,Sophie,297,19.86,5
Renate,2022-04-09,Anna,144,16.8,4
Sisyphos,2022-06-20,Paul,197,10.44,5
About Blank,2022-08-02,Anna,63,9.45,4
Sisyphos,2022-11-28,Anna,88,7.97,2
About Blank,2022-02-17,Anna,195,18.24,2
Berghain,2022-11-21,Sophie,76,11.3,4
Renate,2022-05-22,Sophie,146,17.54,3
Watergate,2022-08-13,Sophie,150,16.85,5
KitKatClub,2022-11-14,Max,157,9.89,3
Salon zur Wilden Renate,2022-10-13,Anna,217,6.03,4
Renate,2022-09-11,Max,152,12.7,5
About Blank,2022-01-03,Max,215,7.26,1
About Blank,2022-05-11,Lena,260,12.93,2
Kater Blau,2022-06-08,Sophie,173,5.53,5
Watergate,2022-10-02,Max,152,6.45,4
Kater Blau,2022-10-18,Sophie,76,6.91,4
KitKatClub,2022-06-30,Anna,150,12.76,5
Watergate,2022-02-13,Max,226,12.37,2
About Blank,2022-09-13,Anna,147,13.79,2
About Blank,2022-03-30,Anna,193,15.93,4
KitKatClub,2022-10-18,Anna,219,17.48,2
Ipse,2022-10-04,Sophie,90,7.68,5
Sisyphos,2022-06-26,Paul,136,11.21,1
About Blank,2022-10-30,Sophie,251,10.08,5
Ipse,2022-03-18,Max,64,16.03,5
Ipse,2022-10-29,Max,162,6.14,2
Berghain,2022-04-28,Anna,56,12.76,1
About Blank,2022-09-04,Paul,219,13.45,5
Renate,2022-11-08,Max,163,17.91,5
Watergate,2022-01-13,Anna,167,6.25,3
Watergate,2022-02-19,Lena,222,11.41,3
Salon zur Wilden Renate,2022-05-31,Max,150,7.65,4
Kater Blau,2022-03-26,Max,142,19.4,5
Kater Blau,2022-08-08,Sophie,265,5.33,5
KitKatClub,2022-12-03,Anna,235,13.24,2
Sisyphos,2022-03-02,Max,142,15.51,4
About Blank,2022-03-16,Lena,272,15.62,5
Sisyphos,2022-12-08,Sophie,298,18.46,4
Berghain,2022-08-02,Max,116,10.73,2
About Blank,2022-03-04,Sophie,94,15.02,2
KitKatClub,2022-01-21,Lena,295,13.3,5
Kater Blau,2022-01-04,Anna,144,14.96,4
Watergate,2022-12-06,Max,278,18.15,2
Watergate,2022-10-06,Sophie,125,8.11,2
About Blank,2022-03-27,Lena,217,10.39,4
Watergate,2022-08-01,Paul,199,15.66,3
Watergate,2022-01-24,Paul,174,18.0,1
About Blank,2022-06-08,Anna,184,10.84,2
About Blank,2022-08-08,Lena,87,19.12,2
Salon zur Wilden Renate,2022-12-04,Max,81,18.65,2
Ipse,2022-12-04,Max,206,10.88,2
Salon zur Wilden Renate,2022-11-14,Sophie,137,5.24,4
Berghain,2022-12-14,Paul,163,14.23,1
Kater Blau,2022-10-24,Sophie,285,11.52,4
Ipse,2022-06-26,Anna,98,12.93,5
Renate,2022-06-16,Sophie,80,19.69,2
Sisyphos,2022-04-15,Paul,85,8.77,1
About Blank,2022-10-04,Max,77,6.98,2
Renate,2022-10-01,Max,124,5.56,2
Berghain,2022-09-13,Max,80,15.69,5
Berghain,2022-08-27,Lena,119,12.57,4
KitKatClub,2022-05-29,Lena,85,11.63,3
Tresor,2022-05-07,Max,293,18.89,4
Salon zur Wilden Renate,2022-06-29,Paul,77,11.25,5
About Blank,2022-01-29,Sophie,193,19.16,5
KitKatClub,2022-02-02,Anna,68,7.49,2
KitKatClub,2022-01-14,Anna,152,5.68,1
KitKatClub,2022-06-07,Paul,198,11.53,5
About Blank,2022-03-24,Anna,186,17.29,2
Renate,2022-08-16,Lena,193,13.95,5
Sisyphos,2022-11-14,Lena,65,11.64,1
Ipse,2022-05-15,Anna,294,9.77,5
Tresor,2022-01-27,Max,178,17.31,4
KitKatClub,2022-04-08,Anna,224,12.94,4
Watergate,2022-07-15,Paul,193,6.7,5
Renate,2022-08-15,Max,215,14.3,3
Sisyphos,2022-03-14,Anna,80,10.69,1
Salon zur Wilden Renate,2022-08-01,Anna,196,6.89,5
Tresor,2022-07-13,Lena,127,8.57,4
Watergate,2022-07-20,Sophie,180,8.41,3
Tresor,2022-11-15,Max,199,19.4,2
Renate,2022-04-28,Anna,293,7.8,1
Renate,2022-02-09,Anna,88,19.63,5
Tresor,2022-08-21,Anna,208,13.69,4
About Blank,2022-07-31,Paul,218,5.11,2
About Blank,2022-03-01,Paul,280,11.2,5
Ipse,2022-10-07,Sophie,238,6.91,5
Sisyphos,2022-07-20,Anna,133,15.71,3
About Blank,2022-06-06,Anna,180,11.93,4
Salon zur Wilden Renate,2022-11-15,Paul,173,16.22,1
Sisyphos,2022-01-16,Sophie,217,9.41,4
Watergate,2022-09-15,Lena,100,16.27,3
Berghain,2022-04-02,Anna,211,16.63,3
KitKatClub,2022-04-21,Max,145,10.59,5
KitKatClub,2022-09-19,Max,96,10.01,5
Salon zur Wilden Renate,2022-04-21,Anna,289,14.51,2
Ipse,2022-08-25,Anna,297,6.74,2
About Blank,2022-05-16,Lena,141,18.43,5
Ipse,2022-12-19,Anna,101,11.37,4
KitKatClub,2022-08-30,Lena,119,12.08,1
Tresor,2022-09-27,Sophie,192,10.48,5
Kater Blau,2022-01-24,Lena,134,9.32,3
Ipse,2022-10-12,Anna,80,12.25,2
Salon zur Wilden Renate,2022-07-10,Max,142,18.45,1
KitKatClub,2022-06-19,Max,72,10.29,2
Kater Blau,2022-05-30,Paul,296,7.56,1
Watergate,2022-05-06,Paul,58,14.43,2
Kater Blau,2022-08-29,Max,218,7.0,5
Renate,2022-08-25,Anna,161,10.77,4
Watergate,2022-11-07,Max,290,6.35,2
Watergate,2022-04-19,Lena,108,14.55,2
Watergate,2022-12-18,Sophie,83,8.08,3
Kater Blau,2022-10-19,Sophie,77,14.31,3
About Blank,2022-09-11,Paul,163,16.95,1
Watergate,2022-01-02,Sophie,196,18.91,4
Sisyphos,2022-09-24,Lena,86,6.1,4
KitKatClub,2022-03-02,Lena,53,12.82,2
Tresor,2022-01-03,Max,65,5.09,2
KitKatClub,2022-01-06,Sophie,129,8.41,4
Ipse,2022-03-26,Lena,150,16.6,2
Watergate,2022-04-02,Max,94,16.07,1
Berghain,2022-04-12,Lena,119,12.65,3
Kater Blau,2022-06-13,Sophie,241,8.06,4
Berghain,2022-08-26,Max,259,18.53,5
Renate,2022-01-03,Max,204,7.6,4
Watergate,2022-09-13,Paul,225,14.03,5
Ipse,2022-04-30,Sophie,149,15.02,5
KitKatClub,2022-08-17,Lena,300,5.87,5
Tresor,2022-12-31,Sophie,204,8.21,1
Renate,2022-04-17,Anna,265,13.71,2
Kater Blau,2022-10-31,Anna,110,12.01,2
Watergate,2023-01-01,Max,190,18.1,5
Berghain,2022-03-03,Anna,277,18.36,3
About Blank,2022-09-07,Sophie,273,10.86,3
Salon zur Wilden Renate,2022-06-22,Anna,190,15.72,1
Kater Blau,2022-07-01,Lena,273,15.83,4
Renate,2022-02-07,Max,79,18.73,3
Sisyphos,2022-04-25,Sophie,263,18.17,2
Tresor,2022-04-18,Max,296,10.47,2
Watergate,2022-03-26,Anna,120,16.17,2
Berghain,2022-01-31,Paul,109,6.1,3
Renate,2022-01-04,Lena,288,13.74,2
Salon zur Wilden Renate,2022-03-17,Paul,101,16.18,3
About Blank,2022-05-28,Paul,182,15.95,3
Salon zur Wilden Renate,2022-08-12,Max,276,11.57,3
Watergate,2022-06-24,Sophie,192,6.43,4
Sisyphos,2022-03-16,Paul,290,18.12,5
Sisyphos,2022-03-09,Lena,207,5.42,4
Renate,2022-10-02,Lena,184,10.27,4
Sisyphos,2022-05-05,Paul,283,15.3,5
KitKatClub,2022-01-16,Sophie,206,16.84,4
KitKatClub,2022-07-02,Max,256,16.31,2
Tresor,2022-03-28,Anna,109,8.62,2
Watergate,2022-11-17,Paul,109,8.35,5
Kater Blau,2022-06-05,Lena,253,10.94,2
Watergate,2022-04-18,Anna,264,15.79,2
Tresor,2022-05-14,Max,89,14.95,3
Watergate,2022-04-19,Sophie,229,17.37,3
Renate,2022-03-15,Paul,216,9.34,5
KitKatClub,2022-01-26,Max,182,12.29,4
Renate,2022-04-12,Sophie,184,15.44,4
Sisyphos,2022-07-18,Anna,283,18.84,3
KitKatClub,2022-04-24,Lena,202,16.85,3
Watergate,2022-07-19,Sophie,246,6.59,4
Kater Blau,2022-08-19,Max,228,14.58,5
Sisyphos,2022-02-05,Anna,118,18.61,4
Sisyphos,2022-03-05,Lena,197,8.16,2
Watergate,2022-11-18,Lena,218,13.98,4
Berghain,2022-06-26,Anna,256,17.57,4
Watergate,2022-12-18,Lena,197,12.07,2
Renate,2022-11-14,Paul,129,14.39,2
KitKatClub,2022-07-17,Paul,298,12.1,2
Salon zur Wilden Renate,2022-08-22,Sophie,137,16.84,2
Berghain,2022-04-04,Max,50,6.35,5
Salon zur Wilden Renate,2022-03-28,Paul,266,10.42,5
Ipse,2022-11-29,Lena,276,14.72,2
Watergate,2022-09-09,Sophie,202,10.97,5
About Blank,2022-11-01,Paul,90,12.1,1
KitKatClub,2022-10-28,Max,201,19.98,4
About Blank,2022-11-30,Paul,229,19.31,4
About Blank,2022-01-17,Lena,164,7.64,4
Watergate,2022-03-26,Max,130,19.3,1
Kater Blau,2022-10-10,Max,81,17.67,5
Salon zur Wilden Renate,2022-06-15,Lena,200,15.1,1
KitKatClub,2022-11-05,Anna,241,17.36,2
Kater Blau,2022-04-10,Anna,152,9.95,1
KitKatClub,2022-02-06,Sophie,246,7.46,5
Ipse,2022-06-16,Lena,71,19.44,1
Salon zur Wilden Renate,2022-01-03,Lena,219,5.14,4
Sisyphos,2022-11-10,Lena,51,17.73,4
About Blank,2022-01-23,Anna,186,13.45,4
About Blank,2022-03-09,Paul,103,13.76,5
Watergate,2022-06-15,Anna,246,18.67,2
Watergate,2022-11-04,Sophie,141,15.46,5
Berghain,2022-08-24,Sophie,71,13.06,3
KitKatClub,2022-10-26,Anna,81,9.83,5
Salon zur Wilden Renate,2022-09-28,Paul,214,11.41,3
Kater Blau,2022-03-10,Max,167,12.79,3
Renate,2022-12-08,Lena,235,13.29,4
About Blank,2022-11-25,Sophie,73,8.86,3
Sisyphos,2022-07-22,Anna,300,15.52,3
KitKatClub,2022-12-30,Max,116,11.4,4
About Blank,2022-06-17,Lena,73,10.64,4
KitKatClub,2022-07-08,Anna,71,9.24,2
Salon zur Wilden Renate,2022-01-23,Sophie,241,10.79,2
About Blank,2022-10-11,Anna,64,15.93,1
Ipse,2022-08-08,Anna,199,19.6,2
Tresor,2022-04-30,Anna,174,11.04,1
Berghain,2022-11-15,Anna,181,7.98,5
Tresor,2022-12-04,Paul,241,17.68,5
Kater Blau,2022-10-16,Anna,134,15.4,3
Berghain,2022-05-04,Sophie,268,7.77,2
Watergate,2022-05-01,Max,132,16.44,2
Salon zur Wilden Renate,2022-02-06,Lena,149,15.26,2
Renate,2022-09-04,Lena,67,17.31,4
Kater Blau,2022-04-04,Anna,125,11.27,2
Ipse,2022-07-18,Anna,300,15.36,4
Salon zur Wilden Renate,2022-05-05,Sophie,260,8.84,1
Ipse,2022-02-24,Max,221,15.07,3
Salon zur Wilden Renate,2022-09-19,Paul,152,6.61,1
Watergate,2022-02-08,Lena,274,7.7,2
Kater Blau,2022-08-15,Max,111,8.66,5
Salon zur Wilden Renate,2022-04-19,Paul,192,19.06,2
About Blank,2022-06-11,Paul,207,17.01,1
Watergate,2022-06-29,Sophie,177,15.0,3
Sisyphos,2022-01-10,Lena,243,8.48,3
About Blank,2022-12-04,Anna,245,9.21,1
Berghain,2022-03-14,Anna,190,7.48,2
Tresor,2022-02-19,Paul,185,11.55,5
Watergate,2022-10-08,Paul,225,11.14,5
Tresor,2022-04-24,Anna,223,10.98,2
KitKatClub,2022-07-24,Paul,76,18.19,5
Sisyphos,2022-11-07,Sophie,151,14.87,4
Berghain,2022-03-10,Sophie,74,15.27,1
Ipse,2022-03-06,Lena,174,19.8,5
Renate,2022-05-29,Anna,58,15.67,5
Renate,2022-04-17,Sophie,181,15.77,4
Tresor,2022-02-12,Paul,189,10.48,4
Tresor,2022-12-15,Paul,97,9.55,4
Tresor,2022-11-29,Paul,130,7.76,5
Ipse,2022-08-12,Paul,225,9.85,3
Salon zur Wilden Renate,2022-08-06,Paul,133,14.61,1
Renate,2022-09-21,Paul,82,15.78,5
Salon zur Wilden Renate,2022-06-05,Anna,117,16.72,2
Renate,2022-05-26,Anna,98,10.15,4
Tresor,2022-06-27,Max,172,10.48,5
Renate,2022-03-19,Paul,195,9.25,2
Berghain,2022-11-06,Max,131,5.77,4
Berghain,2022-11-08,Sophie,59,5.6,2
Renate,2022-01-27,Lena,271,7.1,3
Renate,2022-05-01,Sophie,298,11.57,1
Berghain,2022-09-28,Max,226,17.59,3
Salon zur Wilden Renate,2022-12-11,Max,194,9.74,3
Ipse,2022-11-19,Anna,186,5.05,3
Berghain,2022-12-29,Sophie,287,6.54,2
Tresor,2022-04-03,Anna,90,6.98,1
Kater Blau,2022-02-22,Max,247,12.68,5
Renate,2022-08-01,Anna,196,11.63,4
Berghain,2022-09-29,Max,233,10.31,3
Sisyphos,2022-09-19,Lena,269,12.02,4
Ipse,2022-12-30,Sophie,165,6.49,4
Ipse,2022-10-03,Paul,259,18.98,3
Tresor,2022-07-08,Paul,185,13.57,5
Renate,2022-08-14,Anna,203,8.37,5
Tresor,2022-11-15,Sophie,231,16.06,1
Berghain,2022-05-24,Sophie,70,17.46,3
Berghain,2022-12-06,Sophie,140,10.93,5
About Blank,2022-07-23,Sophie,234,9.71,3
Berghain,2022-02-09,Max,247,9.08,5
Salon zur Wilden Renate,2022-03-13,Max,191,8.75,2
Ipse,2022-03-01,Paul,234,6.4,1
Sisyphos,2022-07-31,Max,110,13.0,2
Berghain,2022-07-25,Lena,104,15.52,5
Renate,2022-03-26,Sophie,171,9.8,4
Berghain,2022-10-25,Paul,189,19.37,1
Tresor,2022-11-13,Anna,65,18.96,5
Ipse,2022-12-23,Paul,58,8.63,4
KitKatClub,2022-12-25,Sophie,85,17.64,1
Watergate,2022-01-23,Max,189,6.43,4
Sisyphos,2022-08-13,Sophie,99,14.7,3
Kater Blau,2022-04-09,Max,123,9.45,5
Ipse,2022-10-23,Anna,90,5.4,3
Tresor,2022-06-02,Sophie,89,16.88,4
Kater Blau,2022-06-17,Paul,121,18.26,1
Berghain,2022-07-19,Max,223,8.06,2
Ipse,2022-05-07,Max,222,7.45,4
Sisyphos,2022-11-26,Anna,105,11.5,4
Salon zur Wilden Renate,2022-05-01,Sophie,181,7.38,2
Renate,2022-12-22,Lena,118,16.78,3
Tresor,2022-11-24,Paul,206,9.59,2
Watergate,2022-08-05,Anna,68,5.37,1
Salon zur Wilden Renate,2022-07-04,Anna,187,7.72,4
Sisyphos,2022-11-25,Paul,58,16.97,5
Tresor,2022-06-05,Paul,77,15.02,1
KitKatClub,2022-03-04,Lena,126,11.34,2
Kater Blau,2022-03-29,Lena,103,18.07,5
Salon zur Wilden Renate,2022-05-10,Max,175,9.98,3
Berghain,2022-10-06,Lena,221,11.03,5
Renate,2022-07-05,Sophie,254,10.87,2
Berghain,2022-06-18,Sophie,268,14.71,1
Sisyphos,2022-08-31,Anna,210,7.66,2
KitKatClub,2022-05-31,Sophie,298,9.56,1
About Blank,2022-08-18,Paul,109,18.7,1
Kater Blau,2022-02-14,Lena,247,7.9,2
Ipse,2022-03-11,Anna,229,9.6,2
Kater Blau,2022-10-05,Anna,142,9.21,1
Watergate,2022-05-22,Sophie,143,18.21,4
Watergate,2022-10-13,Anna,79,8.01,4
Watergate,2022-09-13,Sophie,275,7.68,2
Sisyphos,2022-12-31,Lena,92,7.09,3
Sisyphos,2022-02-24,Lena,86,18.22,1
Salon zur Wilden Renate,2022-03-26,Sophie,202,6.51,5
About Blank,2022-05-24,Max,295,9.02,3
Watergate,2022-08-29,Paul,81,18.92,4
Ipse,2022-03-16,Paul,118,9.58,5
Watergate,2022-10-01,Max,56,9.28,4
Sisyphos,2022-08-28,Anna,170,16.43,5
Sisyphos,2022-02-21,Anna,210,12.52,2
Ipse,2022-05-07,Max,179,17.75,4
Berghain,2022-10-07,Anna,216,7.34,2
Ipse,2022-01-05,Max,123,11.7,3
Berghain,2022-08-07,Max,274,19.23,1
Berghain,2022-01-16,Sophie,104,11.94,5
Salon zur Wilden Renate,2022-03-07,Sophie,134,9.02,2
Renate,2022-11-16,Anna,118,11.47,2
Berghain,2022-08-31,Paul,223,5.4,4
Salon zur Wilden Renate,2022-05-03,Max,201,15.78,4
Tresor,2022-05-31,Anna,178,19.61,3
Berghain,2022-09-18,Max,256,15.86,3
Watergate,2022-06-08,Max,270,11.67,2
Watergate,2022-02-23,Max,285,18.95,1
Tresor,2022-02-06,Max,75,6.57,4
Kater Blau,2022-06-03,Sophie,88,11.45,5
Salon zur Wilden Renate,2022-12-19,Sophie,53,9.05,2
KitKatClub,2022-12-19,Lena,127,9.66,1
Ipse,2022-09-16,Paul,135,6.18,3
Renate,2022-08-02,Max,87,10.94,2
About Blank,2022-12-17,Paul,75,6.26,3
Berghain,2022-05-28,Anna,145,9.57,1
Kater Blau,2022-02-08,Lena,239,14.12,2
Salon zur Wilden Renate,2022-02-21,Sophie,215,18.86,2
About Blank,2022-12-22,Sophie,52,14.1,4
Salon zur Wilden Renate,2022-08-26,Sophie,273,16.91,4
Watergate,2022-04-25,Paul,142,12.86,1
KitKatClub,2022-02-14,Anna,244,9.24,3
Berghain,2022-11-08,Anna,216,7.85,4
KitKatClub,2022-06-09,Anna,270,5.26,1
Berghain,2022-09-18,Lena,59,9.46,5
Salon zur Wilden Renate,2022-03-29,Max,158,15.8,5
Ipse,2022-08-14,Lena,133,16.1,5
Watergate,2022-05-19,Sophie,167,12.58,5
Kater Blau,2022-04-10,Paul,257,12.94,2
Salon zur Wilden Renate,2022-02-16,Sophie,182,11.79,1
Renate,2022-06-01,Max,256,11.44,4
Renate,2022-11-11,Anna,287,11.76,2
Sisyphos,2022-09-21,Anna,225,10.81,5
Ipse,2022-06-09,Anna,268,15.85,3
Kater Blau,2022-03-19,Lena,67,14.54,3
Berghain,2022-04-27,Paul,79,19.32,3
Kater Blau,2022-07-17,Paul,134,14.39,1
About Blank,2022-06-23,Lena,157,5.64,3
Kater Blau,2022-01-05,Paul,101,8.67,5
Tresor,2022-12-17,Paul,86,12.84,3
Renate,2022-03-06,Max,148,18.62,4
KitKatClub,2022-03-19,Sophie,138,15.31,2
Tresor,2022-05-03,Anna,110,17.43,1
Watergate,2022-10-13,Lena,180,14.05,1
About Blank,2022-01-19,Sophie,185,5.82,4
Salon zur Wilden Renate,2022-02-11,Max,122,19.85,3
Ipse,2022-01-20,Paul,285,18.66,2
Tresor,2022-07-05,Sophie,153,14.88,3
KitKatClub,2022-12-21,Paul,184,10.12,4
Renate,2022-08-21,Lena,81,11.62,3
Salon zur Wilden Renate,2022-06-30,Sophie,175,14.99,5
About Blank,2022-04-06,Paul,275,15.91,4
Salon zur Wilden Renate,2022-09-09,Sophie,299,12.02,3
About Blank,2022-04-22,Paul,94,5.61,1
Ipse,2022-02-27,Anna,92,15.34,1
Renate,2022-12-06,Paul,163,12.73,4
KitKatClub,2022-11-01,Sophie,70,7.01,1
KitKatClub,2023-01-01,Paul,170,13.72,4
Tresor,2022-03-19,Sophie,191,17.84,1
Sisyphos,2022-06-09,Sophie,117,5.34,2
Renate,2022-05-11,Sophie,99,13.05,5
Kater Blau,2022-02-10,Lena,113,12.6,1
Ipse,2022-07-12,Max,54,16.2,1
Tresor,2022-01-03,Sophie,113,19.1,4
Ipse,2022-01-10,Lena,85,12.5,2
Ipse,2022-08-26,Sophie,58,13.09,4
About Blank,2022-12-12,Anna,275,17.25,4
KitKatClub,2022-10-24,Max,139,6.25,4
Sisyphos,2022-07-11,Max,129,9.88,2
Salon zur Wilden Renate,2022-05-28,Sophie,145,14.92,5
Renate,2022-01-13,Lena,81,12.42,2
Renate,2022-12-31,Sophie,236,13.56,1
Renate,2022-04-16,Paul,228,15.36,3
Renate,2022-01-09,Anna,176,15.77,5
Berghain,2022-03-19,Sophie,185,18.67,3
KitKatClub,2022-07-10,Paul,129,8.87,5
Ipse,2022-06-06,Anna,114,13.01,3
About Blank,2022-01-07,Paul,181,6.52,2
Kater Blau,2022-01-05,Max,263,6.79,2
About Blank,2022-04-19,Paul,116,10.86,2
Sisyphos,2022-03-28,Anna,289,10.39,4
Tresor,2022-04-29,Max,72,14.84,4
Ipse,2022-07-03,Paul,190,15.03,3
Salon zur Wilden Renate,2022-10-25,Paul,141,18.21,5
Ipse,2022-09-22,Max,247,11.18,5
Berghain,2022-08-12,Lena,120,6.27,1
Salon zur Wilden Renate,2022-06-07,Paul,138,7.07,2
Berghain,2022-06-16,Paul,298,10.21,3
About Blank,2022-02-26,Max,185,18.67,3
Kater Blau,2022-09-16,Sophie,122,19.8,2
Watergate,2022-12-11,Max,162,17.01,3
Salon zur Wilden Renate,2022-01-30,Max,236,14.28,2
Sisyphos,2022-07-19,Paul,63,16.36,3
Kater Blau,2022-03-13,Max,151,18.92,3
Sisyphos,2022-09-17,Max,216,14.82,1
Watergate,2022-05-22,Anna,66,13.44,2
KitKatClub,2022-12-19,Lena,66,17.7,2
About Blank,2022-02-27,Sophie,52,10.08,1
Berghain,2022-10-26,Anna,249,13.7,4
Kater Blau,2022-07-05,Anna,157,12.41,5
Salon zur Wilden Renate,2022-05-31,Sophie,239,15.5,3
Salon zur Wilden Renate,2022-03-08,Paul,110,9.83,1
Sisyphos,2022-07-15,Lena,297,14.75,2
Renate,2023-01-01,Max,275,7.56,4
KitKatClub,2022-09-03,Max,230,8.54,2
Ipse,2022-04-01,Sophie,286,7.14,3
Berghain,2022-05-06,Max,133,6.79,5
Salon zur Wilden Renate,2022-07-18,Lena,178,6.9,2
Ipse,2022-05-12,Lena,61,14.42,3
Berghain,2022-06-22,Paul,290,14.5,5
Berghain,2022-01-30,Max,208,19.21,1
Kater Blau,2022-10-09,Paul,184,16.55,1
Salon zur Wilden Renate,2022-06-09,Paul,234,14.57,2
Tresor,2022-03-18,Max,264,17.7,2
Tresor,2022-01-11,Anna,122,17.53,5
Salon zur Wilden Renate,2022-02-04,Lena,204,8.57,2
Kater Blau,2022-05-11,Anna,268,5.26,3
Berghain,2022-07-09,Anna,128,13.42,4
Sisyphos,2022-08-24,Anna,283,14.19,1
Sisyphos,2022-03-13,Max,264,9.43,5
Ipse,2022-08-26,Sophie,285,12.49,4
Sisyphos,2022-09-27,Paul,228,14.81,3
Salon zur Wilden Renate,2022-12-18,Lena,86,19.54,5
Ipse,2022-04-17,Anna,83,16.38,1
Sisyphos,2022-02-12,Sophie,86,9.42,1
KitKatClub,2022-05-09,Anna,133,19.68,3
KitKatClub,2022-07-25,Paul,172,7.99,4
KitKatClub,2022-03-13,Paul,108,12.87,2
Berghain,2022-08-11,Max,296,16.38,1
Berghain,2022-12-10,Paul,53,15.03,4
Ipse,2022-01-20,Sophie,223,6.83,2
Kater Blau,2022-10-01,Sophie,91,6.34,5
KitKatClub,2022-05-09,Max,100,17.79,3
Kater Blau,2022-11-05,Paul,232,11.21,2
KitKatClub,2022-05-13,Paul,160,12.94,1
Berghain,2022-05-24,Max,233,19.51,1
Salon zur Wilden Renate,2022-03-12,Max,80,13.34,1
Salon zur Wilden Renate,2022-04-27,Paul,110,5.94,5
Ipse,2022-11-04,Anna,99,18.52,5
About Blank,2022-02-12,Max,271,19.21,1
Watergate,2022-03-20,Lena,234,15.68,1
Renate,2022-05-31,Anna,231,11.04,4
About Blank,2022-04-05,Lena,87,16.24,1
Sisyphos,2022-06-22,Paul,279,16.29,5
Berghain,2022-07-21,Sophie,78,15.87,5
Salon zur Wilden Renate,2022-09-11,Max,62,9.51,4
Tresor,2022-05-20,Anna,56,6.65,2
About Blank,2022-11-24,Anna,95,5.35,5
Renate,2022-01-10,Paul,101,7.22,3
Berghain,2022-08-20,Lena,59,11.27,5
Salon zur Wilden Renate,2022-09-30,Anna,246,11.61,1
About Blank,2022-11-17,Lena,205,13.63,2
Watergate,2022-02-16,Sophie,64,17.78,4
Sisyphos,2022-08-28,Lena,154,16.11,3
Renate,2022-04-24,Anna,109,14.86,3
Renate,2022-06-02,Paul,267,11.81,3
Renate,2022-08-02,Lena,72,7.79,4
Renate,2022-08-28,Sophie,208,5.02,5
Kater Blau,2022-05-17,Max,107,10.42,3
About Blank,2022-04-28,Max,156,9.34,4
KitKatClub,2022-03-15,Anna,128,15.35,4
Watergate,2022-01-26,Paul,295,8.75,4
Kater Blau,2022-11-29,Lena,133,15.01,5
About Blank,2022-10-14,Paul,225,10.34,3
Renate,2022-01-06,Max,107,16.56,3
Tresor,2022-04-02,Anna,160,18.45,3
Tresor,2022-08-01,Paul,151,13.2,4
Renate,2022-01-08,Anna,180,10.88,2
Tresor,2022-05-03,Anna,130,9.62,3
KitKatClub,2022-07-18,Max,143,11.56,4
Renate,2022-05-03,Sophie,100,13.97,1
Sisyphos,2022-12-29,Sophie,257,16.19,4
Kater Blau,2022-05-25,Sophie,92,9.58,4
Watergate,2022-08-04,Paul,170,7.11,1
Watergate,2022-07-07,Lena,93,13.21,2
Watergate,2022-05-01,Max,154,7.17,3
Ipse,2022-01-18,Lena,189,5.01,3
Sisyphos,2022-10-15,Lena,122,7.62,1
Sisyphos,2022-01-22,Max,216,9.52,1
Ipse,2022-12-30,Lena,256,12.95,5
KitKatClub,2022-04-23,Sophie,203,13.04,5
Ipse,2022-08-30,Lena,195,13.97,4
Watergate,2022-06-13,Paul,176,16.27,5
Ipse,2022-08-13,Paul,114,9.65,5
Kater Blau,2022-09-07,Sophie,249,9.75,1
KitKatClub,2022-10-09,Lena,161,17.52,5
Salon zur Wilden Renate,2022-07-27,Max,87,17.47,5
Berghain,2022-09-28,Paul,201,17.65,4
Ipse,2022-11-07,Anna,268,11.64,5
Salon zur Wilden Renate,2022-07-18,Max,264,15.26,1
Watergate,2022-05-13,Anna,130,15.23,5
Watergate,2022-11-16,Paul,69,17.76,5
Renate,2022-11-25,Sophie,96,12.77,2
Sisyphos,2022-09-12,Lena,151,17.35,2
Salon zur Wilden Renate,2022-05-25,Anna,253,9.67,4
Ipse,2022-05-22,Sophie,262,9.66,4
Berghain,2022-05-29,Paul,70,18.81,3
Berghain,2022-11-25,Max,63,15.23,3
Renate,2022-07-07,Max,61,18.24,5
KitKatClub,2022-03-15,Anna,268,13.2,2
KitKatClub,2022-02-05,Sophie,90,8.92,5
Ipse,2022-08-11,Lena,65,5.32,5
About Blank,2022-04-23,Anna,224,10.56,5
About Blank,2022-02-12,Paul,162,16.2,1
Ipse,2022-11-13,Paul,232,12.22,4
Sisyphos,2022-06-24,Lena,197,9.61,2
Ipse,2022-12-17,Lena,231,14.83,1
About Blank,2022-06-21,Paul,163,7.62,5
Salon zur Wilden Renate,2022-04-18,Paul,167,16.59,3
Kater Blau,2022-07-03,Max,157,8.23,2
Tresor,2022-04-22,Lena,77,16.82,2
Sisyphos,2022-04-04,Anna,189,10.64,1
Renate,2022-06-23,Anna,107,19.34,5
Salon zur Wilden Renate,2022-05-23,Paul,78,11.14,4
Renate,2022-03-30,Anna,204,15.49,2
Ipse,2022-03-14,Max,61,6.16,4
Salon zur Wilden Renate,2022-09-07,Paul,275,7.69,1
Salon zur Wilden Renate,2022-08-27,Lena,167,5.34,1
Watergate,2022-07-30,Max,175,8.23,4
KitKatClub,2022-03-16,Paul,201,14.11,1
Berghain,2022-04-13,Lena,269,18.8,3
Sisyphos,2022-12-29,Lena,259,12.27,5
Salon zur Wilden Renate,2022-11-20,Paul,219,12.47,5
Renate,2022-03-21,Sophie,85,12.83,4
Kater Blau,2022-11-06,Anna,70,5.62,5
Sisyphos,2022-02-20,Sophie,104,16.51,1
Renate,2022-04-17,Sophie,124,6.48,2
About Blank,2022-07-29,Paul,63,6.67,3
Kater Blau,2022-01-31,Paul,290,5.22,2
Watergate,2022-04-14,Max,121,14.99,5
KitKatClub,2022-10-20,Max,89,5.93,4
Salon zur Wilden Renate,2022-07-29,Paul,218,10.18,1
About Blank,2022-02-10,Anna,277,5.0,5
Watergate,2022-01-21,Max,52,15.89,1
Kater Blau,2022-10-08,Paul,133,18.39,3
Ipse,2022-01-28,Lena,185,12.92,2
Salon zur Wilden Renate,2022-07-26,Lena,136,7.04,2
Tresor,2022-07-10,Anna,134,5.45,1
Kater Blau,2022-02-02,Lena,118,9.22,1
Watergate,2022-01-17,Max,196,8.07,2
Kater Blau,2022-01-03,Max,88,13.98,4
KitKatClub,2022-05-27,Lena,246,15.7,1
KitKatClub,2022-05-20,Max,103,17.11,1
Sisyphos,2022-09-21,Anna,54,5.38,4
About Blank,2022-12-14,Anna,261,14.62,4
Tresor,2022-03-29,Sophie,103,16.27,1
Salon zur Wilden Renate,2022-10-28,Lena,223,8.97,2
Sisyphos,2022-03-07,Paul,188,9.39,3
Tresor,2022-10-22,Lena,136,19.95,4
KitKatClub,2022-07-21,Paul,298,5.5,2
About Blank,2022-09-29,Max,89,13.39,4
KitKatClub,2022-05-18,Lena,155,8.77,4
Renate,2022-01-04,Anna,93,18.47,1
Sisyphos,2022-07-31,Max,225,19.31,5
About Blank,2022-11-07,Sophie,188,15.03,4
Tresor,2022-03-28,Sophie,225,15.12,1
Salon zur Wilden Renate,2022-03-27,Anna,165,7.52,4
Renate,2022-07-06,Paul,134,10.06,4
Ipse,2022-07-12,Lena,262,17.42,4
Berghain,2022-07-10,Lena,220,10.21,1
Sisyphos,2022-04-04,Anna,76,6.91,3
Tresor,2022-04-27,Anna,265,8.43,1
Berghain,2022-03-07,Max,103,17.93,4
Renate,2022-05-23,Anna,193,12.53,1
KitKatClub,2022-10-17,Paul,194,19.66,1
Ipse,2022-03-05,Anna,197,9.9,2
Sisyphos,2022-02-24,Paul,127,14.02,2
Kater Blau,2022-09-12,Anna,123,10.15,2
Kater Blau,2022-01-06,Lena,227,17.84,1
Ipse,2022-05-14,Anna,50,12.83,2
Renate,2022-10-09,Lena,210,14.49,3
Kater Blau,2022-10-01,Max,164,19.95,1
Tresor,2022-06-01,Anna,72,12.17,5
Watergate,2022-08-29,Lena,149,14.44,5
Salon zur Wilden Renate,2022-03-28,Lena,263,16.24,2
Ipse,2022-09-11,Sophie,130,9.67,3
Renate,2022-07-15,Anna,141,13.29,1
Tresor,2022-09-12,Sophie,140,12.27,4
Berghain,2022-11-07,Anna,143,10.93,2
Sisyphos,2022-09-19,Sophie,65,8.99,1
About Blank,2022-04-19,Max,152,10.86,2
Renate,2022-01-17,Paul,100,15.21,4
Watergate,2022-03-21,Anna,162,17.94,2
Tresor,2022-09-23,Sophie,180,13.83,3
Ipse,2022-12-27,Max,296,11.76,4
Watergate,2022-10-20,Sophie,280,8.72,4
Tresor,2022-09-07,Sophie,284,18.21,2
Renate,2022-03-12,Anna,147,13.22,5
Watergate,2022-01-20,Max,151,6.26,5
Watergate,2022-12-19,Max,151,11.68,2
Berghain,2022-12-23,Anna,89,13.27,3
Sisyphos,2022-12-30,Sophie,175,7.59,2
Kater Blau,2022-01-17,Paul,62,7.96,3
Tresor,2022-05-27,Max,281,5.18,2
Kater Blau,2022-07-01,Lena,156,16.56,5
Sisyphos,2022-04-02,Sophie,184,9.41,4
KitKatClub,2022-09-03,Max,95,19.64,2
Tresor,2022-08-10,Max,159,19.36,1
Berghain,2022-08-09,Max,71,8.63,4
Renate,2022-08-09,Sophie,102,12.66,2
Tresor,2022-07-20,Max,210,16.92,3
Kater Blau,2022-04-06,Paul,139,12.46,3
KitKatClub,2022-05-09,Paul,116,5.82,4
About Blank,2022-08-29,Paul,234,8.41,3
Renate,2022-01-12,Lena,189,12.57,5
Sisyphos,2022-07-22,Max,109,12.31,5
Ipse,2022-11-22,Anna,223,9.64,2
Watergate,2022-12-21,Lena,252,19.97,5
Watergate,2022-02-03,Sophie,187,13.47,4
Berghain,2022-02-17,Lena,208,8.13,1
Watergate,2022-07-08,Sophie,235,15.5,3
Watergate,2022-02-08,Max,199,17.74,4
Watergate,2022-10-15,Anna,60,18.03,1
Kater Blau,2022-12-02,Anna,211,10.95,4
Renate,2022-01-25,Max,244,13.84,3
Ipse,2022-02-02,Sophie,124,12.76,3
KitKatClub,2022-11-24,Sophie,261,14.46,2
Berghain,2022-10-11,Sophie,280,6.5,2
Kater Blau,2022-05-06,Sophie,124,7.17,4
Berghain,2022-12-18,Paul,206,17.51,2
Sisyphos,2022-01-04,Max,293,8.4,3
Ipse,2022-10-26,Paul,244,12.2,5
Tresor,2022-10-13,Sophie,222,5.02,4
KitKatClub,2022-07-20,Paul,100,8.98,3
Kater Blau,2022-10-08,Sophie,205,7.28,1
KitKatClub,2022-01-04,Max,276,6.58,2
Salon zur Wilden Renate,2022-06-04,Lena,275,9.12,1
Tresor,2022-10-29,Sophie,82,5.94,2
Ipse,2022-06-01,Sophie,172,19.71,5
Salon zur Wilden Renate,2022-03-03,Lena,226,7.02,5
Sisyphos,2022-12-21,Lena,128,19.17,4
Kater Blau,2022-07-11,Max,116,16.54,1
About Blank,2022-01-16,Lena,99,9.47,5
Watergate,2022-05-26,Paul,289,10.02,1
Berghain,2022-10-23,Max,96,10.46,4
Ipse,2022-02-09,Anna,67,18.36,4
Kater Blau,2022-11-17,Paul,209,11.3,4
Watergate,2022-09-04,Lena,223,8.99,5
Sisyphos,2022-11-05,Sophie,276,17.82,2
KitKatClub,2022-10-12,Paul,248,19.36,5
Renate,2022-04-17,Max,209,15.86,2
Tresor,2022-02-06,Anna,116,16.6,1
About Blank,2022-04-25,Paul,56,19.17,4
Berghain,2022-08-16,Sophie,145,12.67,4
Tresor,2022-03-10,Paul,126,15.4,4
KitKatClub,2022-10-22,Anna,254,13.22,4
Watergate,2022-10-18,Max,87,5.59,4
Salon zur Wilden Renate,2022-04-18,Lena,253,5.72,4
Salon zur Wilden Renate,2022-04-05,Lena,150,10.26,2
Berghain,2022-06-23,Anna,92,7.87,2
Ipse,2022-05-04,Lena,171,10.23,5
Tresor,2022-12-29,Sophie,202,17.05,5
Sisyphos,2022-01-22,Max,205,15.95,1
Renate,2022-09-14,Lena,240,11.3,1
Renate,2022-05-20,Anna,76,19.99,2
Watergate,2022-06-15,Sophie,240,5.14,4
Watergate,2022-01-21,Paul,202,6.17,3
Kater Blau,2022-10-30,Sophie,225,9.26,1
Watergate,2022-06-08,Lena,78,17.56,2
Renate,2022-10-29,Max,250,10.32,4
KitKatClub,2022-08-15,Max,131,15.58,1
Salon zur Wilden Renate,2022-08-18,Anna,256,16.99,1
About Blank,2022-11-03,Anna,69,7.27,1
Berghain,2022-01-13,Max,165,10.76,3
Kater Blau,2022-04-18,Lena,100,18.57,5
About Blank,2022-07-27,Paul,227,18.85,3
Watergate,2022-12-02,Lena,58,5.8,1
Watergate,2022-01-10,Max,249,16.03,5
About Blank,2022-02-24,Max,275,17.63,4
Watergate,2022-03-08,Lena,233,13.52,3
KitKatClub,2022-11-26,Anna,176,19.06,5
Renate,2022-10-28,Sophie,67,14.16,3
Salon zur Wilden Renate,2022-03-31,Paul,54,13.19,3
Salon zur Wilden Renate,2022-07-22,Max,140,7.77,1
Salon zur Wilden Renate,2022-11-01,Lena,95,17.68,5
Renate,2022-10-24,Paul,195,6.66,5
Kater Blau,2022-08-02,Anna,136,13.09,4
Renate,2022-12-02,Max,238,16.65,2
Watergate,2022-06-05,Anna,70,16.36,1
Kater Blau,2022-09-19,Anna,159,7.45,5
KitKatClub,2022-07-29,Lena,205,14.16,2
Watergate,2022-09-24,Lena,265,10.84,2
Tresor,2022-02-28,Anna,68,8.75,5
Renate,2022-02-02,Paul,195,18.83,2
Sisyphos,2022-09-27,Lena,223,11.91,3
Sisyphos,2022-10-22,Lena,190,5.73,1
Renate,2022-01-16,Sophie,140,16.24,2
Sisyphos,2022-12-16,Paul,237,19.6,1
Tresor,2022-04-28,Sophie,66,10.95,3
Watergate,2022-05-05,Sophie,225,12.06,4
Kater Blau,2022-05-28,Max,270,9.45,1
Kater Blau,2022-08-27,Paul,115,12.66,1
KitKatClub,2022-02-19,Lena,284,10.91,3
Watergate,2022-03-14,Max,230,16.42,2
Berghain,2022-10-30,Max,163,8.94,1
Sisyphos,2022-11-26,Anna,248,9.07,2
Kater Blau,2022-11-18,Paul,265,5.67,4
Salon zur Wilden Renate,2022-12-21,Anna,300,13.5,5
KitKatClub,2022-04-30,Paul,178,6.95,5
Berghain,2022-11-24,Lena,89,9.63,3
Tresor,2022-11-22,Lena,235,12.02,3
About Blank,2022-07-02,Max,196,16.86,2
Renate,2022-01-20,Sophie,235,14.62,1
Renate,2022-08-11,Lena,275,10.99,5
KitKatClub,2022-06-19,Anna,100,7.99,5
Ipse,2022-08-18,Paul,221,10.87,3
KitKatClub,2022-09-30,Paul,107,14.83,3
Tresor,2022-04-25,Max,143,18.0,2
Tresor,2022-08-23,Paul,84,12.43,5
Kater Blau,2022-06-16,Lena,231,13.73,5
KitKatClub,2022-09-06,Paul,112,18.83,1
Watergate,2022-06-16,Lena,157,13.07,3
Sisyphos,2022-08-16,Paul,272,13.88,1
Kater Blau,2022-10-04,Max,56,19.5,5
Ipse,2022-09-08,Max,78,13.97,4
Ipse,2022-02-10,Paul,210,18.16,2
Watergate,2022-10-08,Lena,226,12.32,3
Ipse,2022-02-06,Max,113,14.59,5
Berghain,2022-05-12,Max,117,7.51,5
Kater Blau,2022-10-24,Anna,260,19.43,3
Renate,2022-06-03,Anna,119,19.21,4
Kater Blau,2022-07-03,Max,162,6.39,4
Kater Blau,2022-05-20,Paul,280,6.31,4
About Blank,2022-08-10,Lena,61,11.55,4
KitKatClub,2022-01-14,Anna,66,5.07,4
Kater Blau,2022-01-15,Paul,73,12.61,1
Kater Blau,2022-09-10,Sophie,121,7.77,2
Watergate,2022-05-30,Lena,182,12.74,4
About Blank,2022-01-23,Max,225,16.09,1
About Blank,2022-05-16,Max,265,19.2,2
Watergate,2022-09-20,Lena,127,6.57,1
About Blank,2022-04-27,Lena,242,13.77,2
Renate,2022-09-05,Sophie,125,13.59,3
About Blank,2022-06-22,Sophie,290,16.91,5
Sisyphos,2022-11-13,Lena,189,18.75,4
KitKatClub,2022-06-21,Paul,140,17.0,5
KitKatClub,2022-09-28,Sophie,100,17.05,2
Berghain,2022-10-30,Sophie,221,12.87,5
Watergate,2022-03-02,Sophie,119,11.97,5
Berghain,2022-09-09,Paul,71,17.43,3
KitKatClub,2022-12-18,Max,129,6.78,3
Sisyphos,2022-11-04,Paul,106,10.58,3
Ipse,2022-05-22,Sophie,71,5.21,5
Salon zur Wilden Renate,2022-05-19,Lena,136,9.4,5
About Blank,2022-02-14,Max,263,18.23,5
Renate,2022-07-17,Lena,95,19.6,5
Berghain,2022-12-28,Lena,198,7.9,3
Berghain,2022-09-15,Paul,181,18.01,5
KitKatClub,2022-02-25,Anna,54,16.41,5
About Blank,2022-02-25,Max,200,12.22,1
Salon zur Wilden Renate,2022-05-31,Anna,209,7.13,4
Sisyphos,2022-06-01,Lena,212,13.76,3
Watergate,2022-06-06,Max,89,19.07,4
KitKatClub,2022-02-01,Max,109,16.85,3
Watergate,2022-12-15,Lena,297,16.89,2
KitKatClub,2022-11-21,Anna,96,5.59,2
Salon zur Wilden Renate,2022-08-25,Sophie,283,14.63,1
Watergate,2022-02-23,Max,208,17.17,3
Watergate,2022-09-28,Anna,80,19.96,3
Berghain,2022-07-17,Sophie,68,15.56,2
About Blank,2022-04-25,Lena,132,7.77,3
Sisyphos,2022-12-28,Max,129,11.29,2
Ipse,2022-12-15,Max,296,5.64,4
About Blank,2022-04-30,Paul,85,9.49,2
Salon zur Wilden Renate,2022-07-26,Max,189,13.82,5
About Blank,2022-02-26,Paul,70,11.18,2
Berghain,2022-12-27,Paul,80,7.79,4
KitKatClub,2022-02-04,Sophie,166,14.15,3
Sisyphos,2022-02-13,Paul,291,9.75,4
About Blank,2022-02-08,Sophie,50,18.41,3
Tresor,2022-11-26,Anna,243,11.73,2
About Blank,2022-09-10,Lena,199,10.06,5
Ipse,2022-02-02,Paul,241,13.83,1
Watergate,2022-12-19,Paul,224,7.55,2
About Blank,2022-10-30,Max,131,16.55,1
Ipse,2022-07-23,Paul,264,11.45,3
Kater Blau,2022-09-01,Paul,171,13.28,4
KitKatClub,2022-11-18,Anna,59,9.32,4
Berghain,2022-10-29,Paul,240,16.53,2
Sisyphos,2022-06-22,Sophie,268,11.8,2
Renate,2022-03-06,Lena,151,5.29,5
Renate,2022-01-04,Paul,131,7.81,4
Tresor,2022-05-29,Sophie,139,15.79,2
KitKatClub,2022-08-29,Anna,273,6.51,5
Ipse,2022-03-11,Paul,129,5.69,4
Salon zur Wilden Renate,2022-04-21,Sophie,218,7.79,5
Sisyphos,2022-06-18,Lena,68,6.52,5
Salon zur Wilden Renate,2022-11-05,Anna,145,10.74,2
About Blank,2022-12-20,Sophie,259,19.74,5
Ipse,2022-09-03,Sophie,254,12.07,4
KitKatClub,2022-01-06,Max,254,5.39,5
Tresor,2022-04-06,Lena,264,10.18,4
Ipse,2022-02-02,Paul,54,5.94,2
Ipse,2022-01-16,Paul,114,7.45,1
Berghain,2022-01-13,Max,275,5.39,5
Salon zur Wilden Renate,2022-06-15,Lena,96,19.91,2
Sisyphos,2022-10-22,Paul,142,16.62,4
Tresor,2022-11-13,Sophie,66,15.52,5
About Blank,2022-06-02,Max,125,9.68,4
Ipse,2022-01-20,Sophie,172,14.8,1
Berghain,2022-04-18,Paul,267,12.86,1
Renate,2022-07-06,Paul,273,17.84,4
Tresor,2022-07-30,Anna,59,19.31,4
Tresor,2022-09-11,Anna,78,19.92,2
Ipse,2022-05-04,Max,200,10.1,2
Ipse,2022-01-10,Paul,242,5.63,3
Sisyphos,2022-11-14,Paul,124,10.09,1
KitKatClub,2022-02-22,Anna,114,17.35,4
Tresor,2022-02-15,Paul,229,15.4,3
About Blank,2022-08-04,Paul,156,12.18,2
KitKatClub,2022-02-23,Max,270,16.57,4
Renate,2022-12-08,Anna,284,16.01,1
KitKatClub,2022-06-16,Sophie,154,9.72,4
About Blank,2022-02-19,Max,54,13.65,4
Berghain,2022-10-10,Sophie,268,8.32,5
Salon zur Wilden Renate,2022-05-07,Max,86,8.36,4
Berghain,2022-12-22,Sophie,226,12.51,5
Ipse,2022-12-12,Anna,185,14.99,1
Salon zur Wilden Renate,2022-11-23,Sophie,226,12.04,2
Salon zur Wilden Renate,2022-06-12,Max,150,10.45,1
Tresor,2022-11-27,Anna,252,18.46,3
Renate,2022-03-12,Sophie,209,16.63,1
KitKatClub,2022-06-29,Sophie,267,15.39,3
KitKatClub,2022-05-13,Sophie,127,13.49,1
About Blank,2022-05-18,Paul,277,12.32,1
KitKatClub,2022-09-19,Lena,52,19.52,2
KitKatClub,2022-01-01,Paul,184,5.39,2
Berghain,2022-04-02,Lena,64,15.37,5
Kater Blau,2022-03-14,Max,223,11.13,1
Salon zur Wilden Renate,2022-02-01,Lena,144,10.92,2
Renate,2022-05-20,Sophie,292,7.88,1
Berghain,2022-11-15,Anna,79,13.23,3
Salon zur Wilden Renate,2022-09-04,Max,203,11.96,3
Ipse,2022-09-06,Sophie,237,11.86,3
Sisyphos,2022-04-02,Paul,268,18.12,5
Sisyphos,2022-01-02,Sophie,109,18.68,4
Sisyphos,2022-07-20,Lena,293,17.5,2
Berghain,2022-02-25,Paul,242,8.16,3
Watergate,2022-05-06,Sophie,102,10.83,2
Salon zur Wilden Renate,2022-07-30,Sophie,264,16.04,3
Berghain,2022-04-10,Max,146,13.3,4
Watergate,2022-01-02,Anna,157,9.34,4
Sisyphos,2022-06-20,Paul,93,11.13,3
Ipse,2022-02-14,Paul,244,14.87,1
Watergate,2022-02-05,Anna,249,10.02,4
Watergate,2022-05-29,Lena,100,11.23,5
Tresor,2022-11-28,Paul,154,8.32,1
Kater Blau,2022-02-21,Paul,146,16.77,4
About Blank,2022-06-24,Anna,264,14.17,2
Berghain,2022-10-20,Max,123,7.27,4
Sisyphos,2022-08-30,Paul,176,11.89,3
Tresor,2022-10-18,Max,230,9.23,1
Sisyphos,2022-01-14,Sophie,173,12.64,5
About Blank,2022-02-23,Sophie,137,14.57,5
Sisyphos,2022-10-30,Lena,295,19.56,1
Watergate,2022-07-26,Lena,231,19.93,1
Sisyphos,2022-02-25,Lena,281,5.82,1
Sisyphos,2022-01-26,Max,160,17.22,5
Salon zur Wilden Renate,2022-08-21,Lena,112,14.41,1
Berghain,2022-08-03,Lena,184,15.95,3
KitKatClub,2022-05-19,Max,183,18.48,3
Salon zur Wilden Renate,2022-12-31,Lena,65,18.96,3
Watergate,2022-06-10,Anna,173,10.76,3
Berghain,2022-04-11,Lena,60,5.85,5
Kater Blau,2022-11-23,Sophie,168,14.85,1
Tresor,2022-06-07,Anna,181,8.02,1
About Blank,2022-04-25,Anna,82,15.04,4
About Blank,2022-12-22,Max,300,6.38,3
Renate,2022-11-27,Sophie,106,8.14,5
Renate,2022-03-30,Sophie,89,19.17,1
KitKatClub,2022-08-05,Sophie,124,5.84,3
Salon zur Wilden Renate,2022-12-06,Sophie,221,12.26,1
Kater Blau,2022-01-26,Lena,135,18.05,1
Kater Blau,2022-12-24,Sophie,219,6.2,5
Kater Blau,2022-05-05,Lena,62,16.72,5
Renate,2022-02-24,Sophie,66,5.58,4
About Blank,2022-12-20,Max,105,8.81,3
Tresor,2022-12-08,Max,186,10.19,5
About Blank,2022-06-07,Lena,224,19.58,1
Tresor,2022-04-04,Max,283,9.96,2
Kater Blau,2022-12-06,Anna,231,19.49,3
Sisyphos,2022-12-14,Lena,256,11.23,1
Watergate,2022-06-21,Anna,98,15.22,2
KitKatClub,2022-12-10,Sophie,295,15.44,1
Renate,2022-08-09,Paul,107,11.3,2
Watergate,2022-02-20,Anna,131,15.9,3
Salon zur Wilden Renate,2022-03-25,Anna,185,13.23,1
KitKatClub,2022-01-25,Paul,187,12.38,4
About Blank,2022-02-09,Paul,81,19.41,4
Berghain,2022-12-25,Paul,117,6.87,5
Berghain,2022-07-03,Sophie,79,11.72,3
Salon zur Wilden Renate,2022-12-31,Max,221,17.9,1
About Blank,2022-11-23,Sophie,233,7.91,5
About Blank,2022-12-08,Lena,245,15.65,5
Berghain,2022-03-13,Max,293,5.42,1
Kater Blau,2022-07-22,Lena,295,9.22,2
Tresor,2022-05-09,Paul,130,10.8,2
Salon zur Wilden Renate,2022-10-09,Max,129,17.23,1
Ipse,2022-01-15,Lena,194,8.68,3
Tresor,2022-05-28,Paul,230,16.19,2
KitKatClub,2022-03-09,Paul,250,9.64,2
Salon zur Wilden Renate,2022-12-30,Lena,54,7.29,4
Ipse,2022-12-09,Paul,300,12.55,1
Berghain,2022-08-07,Anna,106,13.56,3
Sisyphos,2022-12-19,Paul,200,13.89,1
Renate,2022-10-22,Max,199,12.31,2
Salon zur Wilden Renate,2022-03-19,Anna,62,9.71,1
Renate,2022-11-17,Anna,194,6.21,5
Ipse,2022-07-05,Sophie,78,6.85,2
Ipse,2022-06-12,Paul,284,10.69,3
KitKatClub,2022-07-06,Anna,260,19.65,3
About Blank,2022-12-27,Max,269,14.07,5
Watergate,2022-10-23,Max,297,18.66,3
KitKatClub,2022-01-25,Sophie,107,16.09,1
Berghain,2022-01-22,Anna,119,5.63,5
Watergate,2022-02-11,Lena,136,13.12,2
About Blank,2022-04-03,Max,209,13.16,4
About Blank,2022-12-15,Paul,284,16.81,2
Ipse,2022-09-19,Max,114,11.25,2
Renate,2022-04-03,Paul,59,7.67,5
Tresor,2022-12-14,Paul,177,8.4,1
Sisyphos,2022-06-15,Max,236,7.54,5
KitKatClub,2022-09-25,Lena,131,13.34,3
About Blank,2022-11-07,Lena,76,10.67,5
Renate,2022-03-02,Sophie,242,19.3,1
Watergate,2022-05-05,Lena,207,5.71,5
KitKatClub,2022-07-12,Sophie,149,17.63,3
Kater Blau,2022-06-13,Max,81,13.33,1
Salon zur Wilden Renate,2022-01-01,Max,105,10.25,2
About Blank,2022-05-14,Sophie,196,15.47,1
Ipse,2022-03-22,Max,269,19.43,5
Salon zur Wilden Renate,2022-09-05,Max,240,18.42,4
Renate,2022-09-22,Sophie,205,8.32,2
Tresor,2022-04-28,Max,280,7.12,3
Renate,2022-07-17,Max,298,12.45,2
Watergate,2022-03-19,Lena,56,5.28,1
Ipse,2022-03-11,Max,75,10.52,2
Salon zur Wilden Renate,2022-11-26,Max,294,6.87,2
KitKatClub,2022-10-20,Paul,135,12.65,4
Tresor,2022-08-02,Paul,72,5.79,1
Kater Blau,2022-09-15,Max,148,5.55,1
Tresor,2022-03-17,Sophie,145,11.69,5
Sisyphos,2022-06-15,Sophie,188,9.18,1
Watergate,2022-02-20,Max,233,5.9,4
Watergate,2022-05-05,Anna,113,13.59,5
Tresor,2022-09-14,Paul,203,14.74,1
Ipse,2022-07-29,Paul,52,14.84,1
Kater Blau,2022-08-01,Sophie,58,9.55,4
Ipse,2022-06-17,Sophie,61,14.5,4
Renate,2022-02-12,Sophie,272,15.8,2
Ipse,2022-09-28,Sophie,249,5.68,5
Renate,2022-08-28,Paul,289,14.21,1
Berghain,2022-08-21,Max,170,16.2,2
KitKatClub,2022-06-24,Sophie,143,16.58,4
Sisyphos,2022-02-09,Sophie,141,11.71,1
Renate,2022-02-03,Sophie,106,5.66,5
Watergate,2022-02-20,Anna,86,18.61,1
Kater Blau,2022-03-19,Max,150,19.48,4
Sisyphos,2022-10-27,Max,162,8.83,5
Ipse,2022-03-28,Anna,251,7.73,5
Salon zur Wilden Renate,2022-07-06,Anna,105,6.4,5
Sisyphos,2022-05-08,Anna,163,9.4,4
Renate,2022-01-09,Sophie,109,15.17,1
About Blank,2022-02-14,Paul,257,9.78,1
About Blank,2022-04-04,Paul,89,17.59,5
Berghain,2022-06-06,Max,230,12.06,2
Renate,2022-01-28,Sophie,80,10.9,5
Sisyphos,2022-09-10,Paul,185,12.56,4
Kater Blau,2022-04-23,Paul,287,9.77,1
Ipse,2022-09-07,Sophie,185,5.84,2
Sisyphos,2022-04-10,Paul,169,14.95,3
Tresor,2022-12-31,Lena,243,8.56,5
About Blank,2022-12-04,Sophie,264,12.06,3
Berghain,2022-03-27,Anna,300,5.63,4
About Blank,2022-12-28,Anna,250,16.2,5
Ipse,2022-05-02,Max,145,19.54,3
Kater Blau,2022-10-24,Max,220,12.74,1
Ipse,2022-12-04,Paul,120,11.3,2
Renate,2022-09-11,Lena,216,10.59,4
About Blank,2022-12-23,Sophie,111,14.78,5
Renate,2022-04-12,Lena,53,17.79,3
Tresor,2022-08-17,Max,282,7.43,1
Kater Blau,2022-10-30,Lena,127,18.46,1
Berghain,2022-07-19,Lena,268,9.68,3
Watergate,2022-08-11,Paul,272,11.79,2
Salon zur Wilden Renate,2022-10-13,Sophie,202,16.54,2
About Blank,2022-10-20,Lena,277,10.91,4
About Blank,2022-06-28,Max,168,19.89,4
Ipse,2022-07-22,Max,168,13.07,5
About Blank,2022-07-14,Anna,116,18.09,4
Renate,2022-09-18,Max,90,8.73,3
Ipse,2022-01-05,Sophie,138,14.7,2
Sisyphos,2022-07-06,Paul,117,16.25,4
Sisyphos,2022-03-20,Paul,94,6.31,4
Watergate,2022-12-26,Sophie,103,6.62,5
Ipse,2022-10-10,Sophie,189,16.38,4
Kater Blau,2022-08-11,Max,122,16.1,1
Ipse,2022-04-01,Lena,170,11.44,1
Watergate,2022-11-21,Max,250,10.99,2
Watergate,2022-01-04,Anna,150,6.39,1
Tresor,2022-02-07,Anna,174,16.31,1
Salon zur Wilden Renate,2022-09-28,Paul,282,11.63,3
Salon zur Wilden Renate,2022-11-15,Paul,218,5.79,5
Berghain,2022-02-26,Max,288,13.19,4
KitKatClub,2022-01-24,Lena,100,18.49,1
Renate,2022-04-11,Lena,88,16.16,5
KitKatClub,2022-08-24,Max,107,11.62,1
Renate,2022-05-17,Paul,202,8.63,1
Salon zur Wilden Renate,2022-01-04,Anna,279,17.84,4
KitKatClub,2022-08-08,Anna,99,18.24,5
Ipse,2022-06-10,Anna,242,10.41,5
Tresor,2022-04-29,Anna,81,6.13,3
Berghain,2022-10-11,Sophie,155,8.25,3
Sisyphos,2022-04-01,Lena,111,14.26,4
Kater Blau,2022-10-13,Anna,55,9.27,5
Berghain,2022-10-28,Sophie,145,14.25,3
About Blank,2022-08-25,Paul,78,13.35,2
Sisyphos,2022-06-24,Max,164,9.11,5
Ipse,2022-04-03,Sophie,102,10.98,4
Renate,2022-03-30,Sophie,143,13.53,2
Kater Blau,2022-11-03,Lena,129,11.52,1
Ipse,2022-08-03,Max,187,7.17,1
Ipse,2022-07-26,Anna,271,17.65,1
Berghain,2022-02-23,Sophie,280,12.53,1
Sisyphos,2022-11-11,Paul,77,8.64,5
Ipse,2022-01-08,Paul,267,18.78,5
Salon zur Wilden Renate,2022-03-26,Anna,189,16.14,3
Ipse,2022-07-31,Anna,202,8.01,4
About Blank,2022-07-17,Max,232,17.31,4
Salon zur Wilden Renate,2022-04-18,Lena,57,13.44,3
About Blank,2022-06-17,Paul,118,6.59,5
Watergate,2022-01-26,Anna,291,11.12,4
Berghain,2022-10-08,Paul,179,12.08,5
About Blank,2022-07-20,Max,205,10.92,1
Kater Blau,2022-07-11,Sophie,275,5.31,5
Salon zur Wilden Renate,2022-05-12,Max,121,17.4,1
Renate,2022-05-24,Max,125,15.86,5
Berghain,2022-03-10,Sophie,192,7.33,1
About Blank,2022-01-26,Sophie,211,14.63,4
Berghain,2022-06-03,Max,56,12.63,3
Salon zur Wilden Renate,2022-04-12,Paul,55,16.96,5
Salon zur Wilden Renate,2022-03-12,Paul,131,6.36,1
Ipse,2022-07-04,Max,157,7.18,2
Renate,2022-11-15,Paul,71,14.2,3
Watergate,2022-09-12,Sophie,224,5.04,2
Tresor,2022-11-07,Lena,214,14.4,4
KitKatClub,2022-11-07,Lena,162,11.83,4
Salon zur Wilden Renate,2022-09-26,Paul,188,7.22,5
Ipse,2022-04-21,Sophie,175,6.83,3
Sisyphos,2022-12-31,Paul,56,5.71,4
Tresor,2022-02-16,Lena,269,19.48,1
Ipse,2022-12-05,Max,221,18.51,3
Berghain,2022-07-15,Sophie,260,18.51,4
Salon zur Wilden Renate,2022-01-14,Paul,281,7.16,2
Sisyphos,2022-07-02,Sophie,212,8.77,5
Salon zur Wilden Renate,2022-01-04,Anna,209,9.52,3
Berghain,2022-06-13,Sophie,173,10.96,1
Ipse,2022-03-21,Sophie,258,6.11,1
Kater Blau,2022-03-19,Paul,241,9.77,2
Kater Blau,2022-09-06,Max,159,12.37,1
Watergate,2022-11-06,Paul,100,5.86,5
Salon zur Wilden Renate,2022-09-24,Paul,112,7.83,1
KitKatClub,2022-04-16,Sophie,146,8.93,4
Watergate,2022-04-12,Anna,172,19.78,1
KitKatClub,2022-09-15,Max,122,7.52,4
Kater Blau,2022-03-20,Anna,226,6.28,3
Kater Blau,2022-09-30,Paul,98,13.49,2
Berghain,2022-11-19,Sophie,235,12.25,1
KitKatClub,2022-11-24,Paul,222,9.67,5
Berghain,2022-05-31,Lena,188,16.99,2
Ipse,2022-06-11,Sophie,107,9.58,3
KitKatClub,2022-11-22,Max,204,14.72,1
Berghain,2022-04-19,Anna,265,10.37,3
Salon zur Wilden Renate,2022-05-03,Sophie,258,5.05,5
Ipse,2022-04-06,Sophie,153,10.47,4
About Blank,2022-12-13,Paul,92,19.31,1
Renate,2022-09-14,Anna,230,5.58,1
Tresor,2022-11-16,Lena,130,9.18,5
Tresor,2022-10-31,Sophie,206,17.36,5
Salon zur Wilden Renate,2022-12-27,Lena,196,7.48,3
Watergate,2022-12-21,Paul,165,15.14,5
Tresor,2022-09-07,Sophie,221,12.65,4
Ipse,2022-09-12,Sophie,141,16.31,5
Berghain,2022-06-23,Sophie,54,12.79,1
Ipse,2022-09-06,Sophie,58,5.93,1
About Blank,2022-05-17,Paul,208,8.42,5
Salon zur Wilden Renate,2022-02-01,Max,111,8.19,3
Tresor,2022-10-09,Paul,229,14.91,1
Kater Blau,2022-07-06,Lena,139,14.87,1
Tresor,2022-06-14,Anna,274,5.47,5
Ipse,2022-02-24,Paul,84,14.79,4
Kater Blau,2022-11-04,Max,221,13.03,5
Ipse,2022-08-13,Lena,50,15.73,2
Kater Blau,2022-01-31,Lena,57,15.67,1
Kater Blau,2022-11-13,Sophie,252,7.2,4
Tresor,2022-04-06,Sophie,240,7.85,1
KitKatClub,2022-11-25,Sophie,52,8.13,2
Berghain,2022-11-08,Sophie,258,10.81,5
Berghain,2022-09-22,Lena,76,15.51,2
Salon zur Wilden Renate,2022-12-03,Paul,202,13.33,1
Tresor,2022-01-11,Max,67,17.1,1
Tresor,2022-05-11,Anna,207,6.64,1
Renate,2022-03-07,Max,277,7.79,5
Tresor,2022-10-30,Lena,214,15.12,2
KitKatClub,2022-08-15,Sophie,85,12.41,5
Salon zur Wilden Renate,2022-04-15,Paul,190,18.35,1
Renate,2022-09-20,Paul,180,13.97,2
About Blank,2022-11-15,Max,93,17.11,1
Kater Blau,2022-02-25,Paul,141,13.47,1
Salon zur Wilden Renate,2022-10-22,Anna,245,19.9,3
Berghain,2022-08-05,Sophie,168,14.75,2
Berghain,2022-05-24,Sophie,273,17.12,1
Ipse,2022-01-10,Max,244,17.36,3
Tresor,2022-04-13,Anna,285,7.52,2
Renate,2022-04-21,Max,68,7.37,2
Kater Blau,2022-08-19,Paul,246,12.12,5
Ipse,2022-05-30,Lena,232,8.86,3
Kater Blau,2022-01-13,Sophie,243,6.83,3
Sisyphos,2022-09-18,Lena,139,10.18,3
Renate,2022-05-29,Anna,265,14.11,2
Ipse,2022-07-29,Sophie,248,8.58,5
Salon zur Wilden Renate,2022-06-19,Paul,100,5.69,2
Sisyphos,2022-09-22,Paul,180,12.62,1
Salon zur Wilden Renate,2022-04-13,Sophie,296,5.25,2
Watergate,2022-08-09,Sophie,190,10.53,4
Kater Blau,2022-03-25,Lena,209,10.36,5
Tresor,2022-12-03,Paul,273,12.64,1
About Blank,2022-02-03,Lena,114,11.36,1
Tresor,2022-11-08,Paul,256,8.52,1
Salon zur Wilden Renate,2022-04-19,Max,291,19.53,2
Tresor,2022-04-15,Max,104,13.35,1
Renate,2022-01-29,Sophie,156,19.38,1
Salon zur Wilden Renate,2022-06-23,Anna,153,6.78,5
Watergate,2022-11-22,Max,140,14.21,4
Tresor,2022-10-29,Anna,122,13.01,5
KitKatClub,2022-06-22,Sophie,287,10.29,5
Ipse,2022-01-14,Lena,203,19.67,3
Renate,2022-08-19,Anna,241,8.32,2
Ipse,2022-05-07,Paul,238,16.91,5
KitKatClub,2022-01-11,Lena,215,15.64,3
Sisyphos,2022-06-07,Paul,172,5.23,4
KitKatClub,2022-05-06,Anna,145,7.49,4
Renate,2022-07-09,Lena,181,5.22,2
Renate,2022-02-12,Lena,92,18.56,2
Kater Blau,2022-12-19,Paul,75,7.68,4
KitKatClub,2022-10-21,Anna,103,7.42,4
KitKatClub,2022-02-16,Anna,276,15.84,3
Renate,2022-12-01,Max,162,17.93,2
Tresor,2022-09-03,Max,228,15.92,5
Tresor,2022-01-12,Lena,169,19.61,1
Tresor,2022-11-20,Sophie,85,19.05,5
Sisyphos,2022-12-23,Paul,143,9.06,2
About Blank,2022-07-25,Sophie,124,16.97,3
Watergate,2022-09-14,Anna,228,13.31,5
Watergate,2022-11-29,Max,81,10.47,1
Tresor,2022-02-13,Max,141,6.27,4
KitKatClub,2022-11-18,Anna,252,16.36,3
KitKatClub,2022-10-11,Lena,275,15.25,5
Kater Blau,2022-11-04,Lena,239,13.36,4
Salon zur Wilden Renate,2022-10-09,Max,236,10.51,2
About Blank,2022-07-06,Max,98,19.11,1
Berghain,2022-11-15,Max,248,10.17,3
Kater Blau,2022-09-17,Lena,76,13.33,1
Ipse,2022-01-02,Paul,202,9.05,4
Watergate,2022-04-12,Anna,192,14.61,3
Ipse,2022-07-25,Anna,145,8.61,2
About Blank,2022-10-15,Anna,86,14.8,3
Ipse,2022-10-06,Sophie,297,14.91,1
About Blank,2022-05-27,Lena,131,5.53,5
Kater Blau,2022-02-21,Paul,65,19.8,3
Sisyphos,2022-12-31,Max,249,19.29,2
Watergate,2022-09-09,Sophie,258,19.32,2
Salon zur Wilden Renate,2022-03-22,Anna,103,15.1,5
KitKatClub,2022-02-14,Sophie,267,7.33,3
Ipse,2022-04-11,Max,209,10.77,3
Watergate,2022-10-14,Sophie,84,17.09,5
Watergate,2022-11-03,Max,248,14.46,5
Berghain,2022-11-17,Paul,150,10.95,2
About Blank,2022-11-16,Paul,216,16.79,3
Berghain,2022-07-31,Lena,261,12.53,5
Sisyphos,2022-10-22,Lena,274,5.9,4
Salon zur Wilden Renate,2022-08-11,Anna,196,6.63,1
About Blank,2022-11-24,Lena,118,5.2,4
Tresor,2022-12-15,Anna,79,8.57,1
Kater Blau,2022-04-05,Anna,211,6.85,2
Kater Blau,2022-02-04,Anna,202,10.6,1
KitKatClub,2022-04-16,Sophie,207,11.71,5
Berghain,2022-05-02,Paul,78,7.61,4
Kater Blau,2022-01-24,Lena,268,13.24,3
Watergate,2022-08-10,Max,130,5.06,3
About Blank,2022-04-13,Anna,85,13.45,4
About Blank,2022-10-25,Anna,134,16.92,4
KitKatClub,2022-05-30,Paul,271,17.9,2
Kater Blau,2022-10-13,Lena,217,6.71,5
About Blank,2022-01-03,Lena,211,15.7,2
Berghain,2022-05-12,Lena,268,9.7,1
KitKatClub,2022-06-25,Sophie,266,6.4,2
Watergate,2022-04-24,Max,147,6.12,4
Ipse,2022-04-24,Anna,168,17.91,1
Salon zur Wilden Renate,2022-08-14,Lena,294,10.84,5
Kater Blau,2022-05-12,Paul,127,9.42,3
Berghain,2022-06-04,Max,166,5.33,3
Renate,2022-06-04,Max,96,11.83,3
Sisyphos,2022-03-18,Max,103,7.74,3
About Blank,2022-01-29,Sophie,179,17.06,4
Salon zur Wilden Renate,2022-05-24,Sophie,202,7.02,1
Renate,2022-05-26,Max,195,10.26,1
Renate,2022-02-04,Lena,146,5.38,3
Berghain,2022-05-03,Lena,103,15.29,2
KitKatClub,2022-12-17,Sophie,104,7.54,2
Kater Blau,2022-11-01,Max,198,16.74,5
KitKatClub,2022-03-22,Anna,249,11.17,1
KitKatClub,2022-12-10,Lena,268,10.86,3
About Blank,2022-04-11,Sophie,274,9.16,1
Kater Blau,2022-08-19,Lena,132,17.22,3
Salon zur Wilden Renate,2022-10-08,Anna,157,13.72,5
Watergate,2022-05-28,Sophie,135,9.32,2
Watergate,2022-09-23,Anna,298,15.9,3
Sisyphos,2022-07-28,Paul,141,6.1,5
Berghain,2022-04-04,Lena,74,16.66,2
Watergate,2022-09-01,Max,169,16.8,3
Ipse,2022-08-06,Lena,248,14.25,1
Watergate,2022-09-01,Paul,215,16.2,1
Ipse,2022-12-11,Sophie,270,7.47,4
About Blank,2022-07-08,Anna,255,16.34,4
Ipse,2022-03-06,Max,164,11.01,3
Watergate,2022-06-21,Paul,167,19.83,4
Salon zur Wilden Renate,2022-07-15,Lena,154,10.64,1
KitKatClub,2022-11-02,Lena,58,15.18,5
Tresor,2022-02-05,Anna,153,16.19,4
Tresor,2022-02-10,Anna,279,16.97,2
Watergate,2022-03-17,Max,130,6.74,4
Renate,2022-08-02,Anna,218,10.04,1
Tresor,2022-04-05,Anna,186,10.76,5
Kater Blau,2022-06-09,Paul,80,6.66,5
KitKatClub,2022-12-17,Sophie,230,14.95,1
Kater Blau,2022-10-08,Max,263,15.55,4
Sisyphos,2022-01-30,Lena,95,19.41,3
Ipse,2022-11-12,Max,289,8.85,3
Kater Blau,2022-08-08,Anna,190,14.63,2
Sisyphos,2022-12-19,Sophie,126,12.15,4
Berghain,2022-09-05,Lena,124,19.24,2
Tresor,2022-12-14,Paul,158,6.11,2
Salon zur Wilden Renate,2022-08-03,Anna,137,10.55,4
Ipse,2022-03-11,Lena,220,18.43,1
Salon zur Wilden Renate,2022-06-08,Anna,296,7.3,5
About Blank,2022-12-27,Anna,103,17.35,2
Renate,2022-09-04,Paul,76,12.33,3
Renate,2022-09-09,Max,282,13.53,4
Salon zur Wilden Renate,2022-07-17,Anna,274,6.41,5
Tresor,2022-10-31,Max,257,10.01,3
Salon zur Wilden Renate,2022-07-18,Lena,161,10.91,4
Tresor,2022-04-17,Max,196,12.45,1
Renate,2022-07-23,Anna,171,6.52,4
KitKatClub,2022-09-03,Sophie,120,11.25,4
Sisyphos,2022-03-03,Lena,240,8.81,4
Renate,2022-09-09,Anna,93,18.63,2
Ipse,2022-11-08,Anna,258,9.27,1
Salon zur Wilden Renate,2022-11-19,Max,255,12.52,3
Sisyphos,2022-12-07,Max,262,8.16,4
Watergate,2022-03-16,Sophie,65,6.11,3
Ipse,2022-11-05,Anna,114,9.85,4
Berghain,2022-05-14,Lena,235,17.82,1
About Blank,2022-06-11,Lena,77,8.59,4
Salon zur Wilden Renate,2022-11-27,Sophie,129,16.71,5
Tresor,2022-06-14,Paul,104,18.87,1
Salon zur Wilden Renate,2022-02-10,Max,184,15.79,5
Renate,2022-11-15,Paul,288,11.39,5
KitKatClub,2022-09-28,Lena,93,6.93,2
Renate,2022-09-24,Anna,245,17.73,5
Berghain,2022-02-17,Sophie,292,12.59,2
Renate,2022-06-03,Anna,278,6.12,5
Ipse,2022-02-01,Anna,218,18.46,3
Berghain,2022-01-30,Paul,237,16.12,4
Tresor,2022-12-13,Sophie,187,9.18,4
Watergate,2022-02-27,Max,144,17.34,5
Kater Blau,2022-11-29,Anna,76,14.7,4
Berghain,2022-09-24,Sophie,90,18.1,4
Ipse,2022-07-24,Max,134,9.05,3
About Blank,2022-01-15,Sophie,253,8.21,5
Salon zur Wilden Renate,2022-10-02,Anna,202,9.27,5
Berghain,2022-12-21,Max,286,8.34,3
Watergate,2022-09-21,Anna,80,19.01,3
Kater Blau,2022-09-30,Sophie,230,8.83,3
Kater Blau,2022-03-31,Paul,228,14.73,3
Sisyphos,2022-09-16,Paul,254,18.85,1
Renate,2022-12-22,Max,129,7.16,4
Sisyphos,2022-11-27,Max,273,14.81,3
Berghain,2022-09-29,Max,167,14.39,5
KitKatClub,2022-09-01,Anna,285,13.51,4
Renate,2022-05-10,Sophie,65,18.15,1
Kater Blau,2022-03-27,Lena,265,5.5,4
Sisyphos,2022-09-24,Sophie,63,11.28,1
Renate,2022-05-09,Anna,208,5.06,1
Berghain,2022-01-11,Max,233,14.29,1
Salon zur Wilden Renate,2022-01-24,Lena,159,13.88,2
Ipse,2022-12-04,Anna,278,10.49,5
About Blank,2022-12-02,Lena,248,7.86,3
Ipse,2022-07-15,Sophie,288,15.41,1
Renate,2022-05-24,Paul,68,6.0,5
Sisyphos,2022-05-21,Paul,139,11.13,5
Renate,2022-02-09,Lena,288,12.93,5
About Blank,2022-01-15,Paul,107,14.46,2
Tresor,2022-12-18,Anna,75,14.61,2
Sisyphos,2022-07-10,Lena,265,7.67,5
Sisyphos,2022-12-22,Max,269,7.74,3
Kater Blau,2022-09-15,Anna,223,5.78,2
Kater Blau,2022-01-21,Paul,100,5.19,3
Tresor,2022-02-16,Paul,242,15.62,2
Sisyphos,2022-11-28,Sophie,199,11.13,3
KitKatClub,2022-04-08,Sophie,244,12.47,4
Sisyphos,2022-09-13,Lena,216,14.96,5
KitKatClub,2022-03-27,Anna,190,16.08,3
Sisyphos,2022-10-03,Lena,149,13.95,2
Berghain,2022-05-29,Lena,82,16.29,1
Sisyphos,2022-08-13,Anna,196,5.53,1
Ipse,2022-10-02,Lena,90,5.01,1
Sisyphos,2022-05-12,Anna,170,14.36,4
Sisyphos,2022-07-15,Anna,220,19.41,3
Renate,2022-05-29,Sophie,282,5.58,3
Watergate,2022-01-13,Anna,276,16.42,2
KitKatClub,2022-09-29,Lena,244,11.56,1
Watergate,2022-01-31,Lena,79,11.38,4
Renate,2022-05-25,Paul,202,19.57,1
Kater Blau,2022-09-20,Max,114,13.19,4
Renate,2022-06-07,Anna,156,13.16,2
Ipse,2022-01-30,Lena,166,16.07,2
Ipse,2022-02-02,Paul,137,11.1,5
About Blank,2022-04-14,Paul,121,6.81,2
Sisyphos,2022-03-11,Sophie,123,14.09,1
Renate,2022-03-05,Sophie,274,17.81,4
Kater Blau,2022-05-08,Paul,271,12.45,4
Sisyphos,2022-11-09,Paul,235,9.46,5
Watergate,2022-10-15,Anna,237,12.52,4
About Blank,2022-06-30,Max,110,11.57,3
Watergate,2022-07-15,Anna,68,7.7,4
Kater Blau,2022-01-03,Paul,56,9.51,4
Kater Blau,2022-08-22,Sophie,253,6.91,1
Tresor,2022-09-17,Anna,71,17.88,5
Kater Blau,2022-06-26,Max,262,14.92,3
Berghain,2022-02-15,Paul,205,13.21,3
KitKatClub,2022-04-12,Paul,238,13.83,5
Berghain,2022-08-31,Sophie,184,14.09,4
About Blank,2022-08-27,Paul,57,15.79,1
Renate,2022-04-17,Paul,54,7.09,1
Kater Blau,2022-01-16,Sophie,272,5.92,5
Berghain,2022-10-13,Sophie,130,12.32,4
Berghain,2022-10-26,Paul,82,6.49,1
Ipse,2022-02-20,Anna,107,6.49,1
Salon zur Wilden Renate,2022-10-02,Anna,232,7.23,2
Kater Blau,2022-01-12,Max,247,6.23,1
Watergate,2022-06-03,Max,217,16.86,3
Sisyphos,2022-07-06,Max,133,8.19,5
Renate,2022-08-01,Sophie,83,15.54,1
Berghain,2022-07-05,Sophie,116,5.75,2
About Blank,2022-01-05,Sophie,198,13.13,1
Salon zur Wilden Renate,2022-04-22,Paul,268,6.02,2
Kater Blau,2022-05-18,Sophie,227,12.08,3
Watergate,2022-07-11,Sophie,293,16.67,4
KitKatClub,2022-02-21,Anna,298,6.91,2
Tresor,2022-05-03,Sophie,68,16.01,4
Berghain,2022-07-14,Sophie,174,7.73,3
Berghain,2022-11-03,Lena,214,13.95,3
Kater Blau,2022-08-08,Paul,174,16.59,5
Tresor,2022-11-17,Lena,75,14.02,2
KitKatClub,2022-08-15,Max,287,15.96,5
Renate,2022-04-03,Lena,50,10.62,4
KitKatClub,2022-12-08,Max,243,13.19,3
Sisyphos,2022-10-28,Anna,83,8.37,3
Renate,2022-10-29,Sophie,256,16.49,4
Salon zur Wilden Renate,2022-08-28,Sophie,151,13.19,5
Kater Blau,2022-12-23,Lena,71,10.32,5
About Blank,2022-10-23,Anna,159,6.55,1
Tresor,2022-04-27,Max,292,15.01,4
Ipse,2022-04-03,Max,78,10.28,1
Salon zur Wilden Renate,2022-04-03,Anna,203,15.11,3
KitKatClub,2022-03-27,Sophie,151,6.81,4
Watergate,2022-11-08,Lena,66,7.04,4
About Blank,2022-04-24,Anna,85,5.44,3
Kater Blau,2022-05-14,Lena,53,17.68,1
Berghain,2022-12-05,Anna,196,10.75,2
KitKatClub,2022-10-27,Sophie,75,8.1,4
Berghain,2022-05-21,Paul,111,15.53,2
Berghain,2022-11-19,Paul,258,14.91,4
KitKatClub,2022-02-14,Sophie,143,13.05,3
Renate,2022-01-13,Max,165,16.47,1
Berghain,2022-04-15,Lena,172,12.62,1
Sisyphos,2022-12-14,Lena,252,7.61,5
Tresor,2022-02-22,Paul,209,10.86,2
Watergate,2022-11-07,Sophie,164,19.55,5
Salon zur Wilden Renate,2022-01-20,Lena,284,16.34,1
Salon zur Wilden Renate,2022-04-10,Sophie,149,13.79,4
Berghain,2022-05-01,Lena,268,19.61,2
Sisyphos,2022-11-30,Max,129,10.23,2
Watergate,2022-05-30,Lena,292,19.23,2
Berghain,2022-01-26,Lena,244,13.73,2
KitKatClub,2022-12-12,Lena,135,17.39,5
KitKatClub,2022-09-17,Max,208,13.86,5
About Blank,2022-08-06,Anna,147,12.2,2
KitKatClub,2022-02-28,Sophie,282,14.13,2
Ipse,2022-06-13,Sophie,103,14.03,1
Watergate,2022-01-13,Sophie,243,18.43,2
Berghain,2022-07-29,Anna,274,11.72,1
Kater Blau,2022-06-12,Lena,195,17.37,5
Sisyphos,2022-07-07,Anna,276,9.8,5
Berghain,2022-12-12,Lena,94,11.26,5
About Blank,2022-11-30,Anna,263,8.25,1
Ipse,2022-11-03,Paul,75,16.79,3
KitKatClub,2022-03-03,Lena,269,11.33,1
Tresor,2022-04-15,Paul,285,11.08,2
About Blank,2022-12-01,Max,203,14.39,1
Renate,2022-04-30,Sophie,267,7.9,1
KitKatClub,2022-11-21,Lena,162,9.0,5
Kater Blau,2022-11-03,Paul,131,18.44,5
Renate,2022-11-04,Paul,170,16.6,2
Salon zur Wilden Renate,2022-09-04,Anna,200,7.19,2
Berghain,2022-09-23,Sophie,95,8.47,4
Renate,2022-05-30,Max,215,18.58,5
Berghain,2022-05-12,Lena,288,13.36,5
Sisyphos,2022-11-04,Max,161,7.02,2
Berghain,2022-04-12,Anna,159,14.61,3
Tresor,2022-08-19,Paul,177,13.49,2
Salon zur Wilden Renate,2022-10-27,Paul,65,16.34,2
Renate,2022-11-23,Sophie,87,6.28,2
About Blank,2022-10-06,Paul,209,6.55,2
Ipse,2022-08-19,Sophie,295,14.25,1
About Blank,2022-01-19,Lena,294,8.76,4
Berghain,2022-12-07,Sophie,164,19.96,1
Renate,2022-06-11,Paul,173,7.89,2
Renate,2022-03-10,Anna,192,8.69,5
Berghain,2022-07-31,Anna,84,6.82,5
About Blank,2022-02-19,Max,226,17.87,2
Ipse,2022-11-30,Paul,78,8.16,2
Tresor,2022-11-07,Anna,148,7.2,2
Watergate,2022-01-23,Paul,126,19.97,3
About Blank,2022-01-21,Paul,123,7.97,4
Tresor,2022-06-14,Sophie,279,5.81,4
About Blank,2022-10-12,Anna,61,16.65,1
Berghain,2022-06-16,Paul,189,12.34,2
Kater Blau,2022-10-19,Anna,222,14.98,4
About Blank,2022-09-18,Max,159,17.81,2
KitKatClub,2022-07-09,Sophie,199,8.62,1
Watergate,2022-07-19,Sophie,250,11.25,3
Renate,2022-08-27,Max,220,11.55,4
About Blank,2022-03-22,Anna,286,8.73,4
KitKatClub,2022-11-18,Lena,108,16.02,2
Kater Blau,2022-01-18,Sophie,267,6.16,3
Watergate,2022-06-23,Max,298,10.14,1
Berghain,2022-09-23,Paul,195,15.05,5
Sisyphos,2022-04-30,Lena,59,14.35,4
About Blank,2022-11-20,Lena,225,19.64,1
About Blank,2022-09-04,Max,272,19.02,1
Salon zur Wilden Renate,2022-05-18,Max,64,18.19,2
Tresor,2022-07-17,Anna,156,14.12,5
Kater Blau,2022-02-14,Lena,240,8.4,2
Ipse,2022-01-08,Lena,75,17.61,5
About Blank,2022-08-26,Max,195,15.89,5
KitKatClub,2022-06-30,Paul,175,8.69,4
Renate,2022-03-19,Max,203,15.17,4
KitKatClub,2022-03-18,Max,108,16.6,1
About Blank,2022-04-10,Lena,175,10.78,3
About Blank,2022-01-23,Paul,102,12.52,3
Ipse,2022-09-25,Lena,167,9.42,2
KitKatClub,2022-03-17,Anna,210,9.82,2
Berghain,2022-08-22,Anna,201,8.46,4
Watergate,2022-07-17,Anna,272,17.48,1
About Blank,2022-02-26,Max,105,5.61,1
Berghain,2022-10-20,Lena,249,17.62,2
Watergate,2022-09-29,Lena,293,10.27,1
Renate,2022-04-27,Sophie,167,13.65,4
KitKatClub,2022-11-20,Sophie,133,13.3,2
KitKatClub,2022-11-17,Lena,211,17.9,2
Renate,2022-01-16,Max,127,8.34,1
KitKatClub,2022-03-14,Sophie,275,6.79,4
Berghain,2022-05-18,Lena,100,5.89,5
Renate,2022-09-04,Anna,211,15.03,1
About Blank,2022-11-01,Lena,88,18.81,4
Tresor,2022-07-21,Max,52,18.16,2
About Blank,2022-05-08,Lena,149,10.83,1
Salon zur Wilden Renate,2022-12-08,Paul,105,7.28,3
Sisyphos,2022-06-02,Paul,72,8.45,2
Tresor,2022-11-19,Lena,174,12.5,5
Tresor,2022-08-22,Sophie,243,8.16,5
About Blank,2022-01-18,Sophie,178,14.87,4
Tresor,2022-04-14,Max,184,16.6,5
About Blank,2022-03-11,Max,164,5.99,5
Renate,2022-06-30,Max,192,8.71,2
About Blank,2022-08-06,Paul,300,10.07,3
KitKatClub,2022-10-16,Sophie,242,9.32,3
Watergate,2022-11-30,Anna,241,17.21,5
KitKatClub,2022-10-23,Paul,97,14.88,1
Ipse,2022-03-08,Sophie,73,6.93,4
Sisyphos,2022-01-31,Paul,263,13.37,3
Berghain,2022-08-02,Lena,117,9.09,4
Salon zur Wilden Renate,2022-10-06,Anna,150,10.18,5
Ipse,2022-01-25,Sophie,197,9.62,4
Tresor,2022-01-25,Paul,285,15.63,5
About Blank,2022-05-08,Sophie,102,18.01,3
About Blank,2022-07-26,Lena,196,19.33,4
Berghain,2022-03-11,Anna,207,13.35,2
Kater Blau,2022-06-10,Paul,211,6.2,2
About Blank,2022-01-12,Lena,120,16.38,3
Kater Blau,2022-10-13,Sophie,241,12.42,1
About Blank,2022-05-23,Sophie,138,5.84,2
Renate,2022-04-26,Paul,63,8.38,2
Tresor,2022-09-22,Sophie,293,12.48,2
Sisyphos,2022-07-09,Sophie,51,7.5,2
Tresor,2022-12-01,Paul,148,14.45,5
Watergate,2022-07-12,Anna,254,15.08,2
About Blank,2022-06-04,Sophie,240,17.09,5
Watergate,2022-01-13,Lena,274,8.1,1
KitKatClub,2022-06-14,Max,97,8.47,3
Kater Blau,2022-04-16,Paul,168,14.83,1
KitKatClub,2022-11-23,Max,234,11.46,3
Sisyphos,2022-02-20,Lena,84,10.85,3
About Blank,2022-01-27,Anna,202,17.35,2
Renate,2022-08-23,Paul,51,19.88,5
Sisyphos,2022-09-29,Anna,74,19.32,4
KitKatClub,2022-04-02,Sophie,201,11.88,4
Ipse,2022-06-05,Sophie,203,10.2,4
Watergate,2022-10-03,Anna,92,8.0,2
Salon zur Wilden Renate,2022-01-10,Lena,266,6.55,1
Kater Blau,2022-12-31,Paul,165,18.86,5
Ipse,2022-04-17,Anna,160,16.01,5
Renate,2022-07-31,Sophie,189,7.48,2
Salon zur Wilden Renate,2022-04-11,Lena,164,5.85,5
Kater Blau,2022-03-26,Anna,92,7.35,5
Tresor,2022-06-14,Anna,252,16.67,4
Watergate,2022-12-30,Paul,84,18.5,5
Renate,2022-11-14,Lena,231,14.71,3
Watergate,2022-09-26,Anna,283,12.22,4
About Blank,2022-07-11,Anna,129,7.13,3
Tresor,2022-05-20,Sophie,133,19.56,2
Ipse,2022-11-07,Sophie,154,13.25,3
Kater Blau,2022-02-25,Anna,181,6.67,3
Kater Blau,2022-06-12,Lena,124,8.97,4
Ipse,2022-04-02,Lena,287,7.25,2
Berghain,2022-11-04,Max,239,8.7,5
Berghain,2022-03-17,Max,222,8.34,3
Kater Blau,2022-01-30,Lena,133,7.11,5
Salon zur Wilden Renate,2022-05-28,Lena,73,5.93,3
Salon zur Wilden Renate,2022-10-08,Sophie,278,12.22,4
Sisyphos,2022-04-13,Lena,156,10.38,2
Sisyphos,2022-04-13,Paul,72,9.23,4
Tresor,2022-04-08,Lena,183,15.09,3
Kater Blau,2022-03-16,Lena,72,9.31,2
Ipse,2022-08-05,Sophie,97,17.21,4
Renate,2022-05-07,Lena,219,15.11,5
Watergate,2022-01-06,Sophie,178,13.34,1
Watergate,2022-07-20,Anna,82,9.13,5
Ipse,2022-11-23,Paul,102,8.63,3
Kater Blau,2022-02-01,Sophie,195,9.91,4
KitKatClub,2022-11-20,Paul,73,17.65,2
Kater Blau,2022-11-22,Lena,125,14.36,4
Berghain,2022-12-05,Paul,271,14.02,2
Salon zur Wilden Renate,2022-04-08,Lena,50,10.66,3
About Blank,2022-03-25,Lena,232,19.33,5
Tresor,2022-04-09,Paul,267,12.6,4
Renate,2022-10-18,Max,256,7.08,5
Kater Blau,2022-10-10,Max,129,18.88,2
Berghain,2022-09-20,Sophie,145,13.59,2
Sisyphos,2022-02-05,Sophie,298,13.69,1
Watergate,2022-07-14,Paul,177,17.66,2
About Blank,2022-03-18,Lena,96,8.37,3
KitKatClub,2022-11-28,Lena,80,17.63,4
Berghain,2022-05-30,Lena,224,16.32,2
Renate,2022-07-08,Anna,286,19.83,5
Berghain,2022-09-19,Sophie,244,14.36,5
Tresor,2022-03-10,Lena,281,15.13,1
Kater Blau,2022-05-23,Paul,72,18.11,1
About Blank,2022-11-20,Anna,149,7.11,3
Ipse,2022-12-12,Max,80,6.62,3
About Blank,2022-01-01,Max,128,18.05,4
Kater Blau,2022-03-31,Lena,88,17.47,5
Tresor,2022-01-06,Max,232,14.24,3
Renate,2022-06-03,Anna,280,13.87,5
Sisyphos,2022-10-02,Lena,50,16.18,5
Renate,2022-09-20,Lena,291,6.4,1
Ipse,2022-03-20,Lena,98,11.9,2
Watergate,2022-09-12,Lena,207,11.78,5
Kater Blau,2022-11-11,Max,171,5.16,5
Watergate,2022-01-29,Max,114,17.13,5
About Blank,2022-12-12,Sophie,281,19.15,4
Watergate,2022-12-18,Paul,56,5.19,5
Salon zur Wilden Renate,2022-06-04,Anna,108,5.82,2
Kater Blau,2022-10-31,Lena,181,14.89,1
Berghain,2022-01-08,Sophie,241,16.44,4
Kater Blau,2022-08-07,Anna,153,5.14,1
Berghain,2022-02-21,Paul,109,10.13,3
Ipse,2022-08-07,Paul,76,8.91,3
Ipse,2022-01-31,Lena,276,17.53,2
Ipse,2022-02-05,Paul,175,19.91,5
Salon zur Wilden Renate,2022-10-07,Paul,227,6.02,2
Berghain,2022-04-09,Paul,70,12.43,1
KitKatClub,2022-04-19,Sophie,133,11.05,4
Berghain,2022-01-28,Anna,243,12.17,3
Tresor,2022-12-27,Sophie,141,16.9,5
Berghain,2022-03-15,Sophie,50,15.13,1
KitKatClub,2022-09-14,Lena,215,17.81,4
Ipse,2022-08-16,Lena,184,15.66,3
Watergate,2022-05-13,Anna,248,19.88,5
Renate,2022-05-05,Anna,213,10.42,2
Sisyphos,2022-11-11,Sophie,242,7.07,4
Kater Blau,2022-03-09,Sophie,159,17.76,5
Sisyphos,2022-12-01,Lena,244,9.52,3
Ipse,2022-12-19,Paul,227,9.11,2
Berghain,2022-01-27,Max,179,8.77,2
Ipse,2022-01-02,Sophie,227,6.89,3
KitKatClub,2022-04-20,Paul,193,19.77,5
About Blank,2022-07-08,Sophie,126,14.16,2
Tresor,2022-01-25,Anna,141,19.01,1
Renate,2022-05-10,Max,50,6.44,3
Salon zur Wilden Renate,2022-03-30,Sophie,174,13.28,1
About Blank,2022-05-05,Anna,297,6.44,4
Renate,2022-02-16,Sophie,239,5.9,3
Kater Blau,2022-10-05,Paul,210,10.0,3
Ipse,2022-04-05,Max,251,9.85,1
KitKatClub,2022-04-14,Lena,259,18.2,4
Watergate,2022-05-14,Max,100,11.98,3
Watergate,2022-11-17,Paul,86,14.1,4
Watergate,2022-07-06,Paul,163,8.17,2
KitKatClub,2022-02-24,Lena,56,13.28,5
Berghain,2022-11-08,Anna,98,19.33,2
Kater Blau,2022-09-01,Lena,182,11.09,4
Sisyphos,2022-01-10,Sophie,193,11.9,3
Kater Blau,2022-11-17,Anna,245,10.37,5
Salon zur Wilden Renate,2022-11-02,Lena,78,11.79,2
About Blank,2022-03-24,Sophie,111,13.28,4
About Blank,2022-08-04,Lena,101,7.45,5
Renate,2022-11-24,Lena,55,17.34,2
About Blank,2022-05-07,Lena,118,10.76,2
Renate,2022-09-15,Lena,223,18.68,1
Salon zur Wilden Renate,2022-01-20,Anna,215,10.36,3
Watergate,2022-09-19,Lena,238,7.4,4
Tresor,2022-11-19,Lena,223,9.35,5
Ipse,2022-09-05,Anna,127,19.36,5
Berghain,2022-01-15,Paul,277,19.79,1
KitKatClub,2022-08-17,Sophie,122,14.42,5
KitKatClub,2022-07-31,Paul,268,5.06,4
Kater Blau,2022-07-15,Lena,253,14.18,2
About Blank,2022-11-10,Paul,230,6.59,3
Tresor,2022-01-13,Anna,219,14.42,1
Ipse,2022-06-14,Anna,206,14.58,3
Renate,2022-01-17,Max,87,6.32,5
Renate,2022-10-29,Paul,259,16.39,3
Ipse,2022-01-04,Sophie,208,12.55,5
Sisyphos,2022-02-18,Paul,173,9.6,3
Berghain,2022-10-02,Max,98,16.45,3
Renate,2022-02-17,Paul,280,17.7,1
Sisyphos,2022-01-31,Lena,129,19.72,5
About Blank,2022-04-24,Anna,156,11.33,2
Sisyphos,2022-11-20,Sophie,229,6.65,5
Berghain,2022-10-14,Lena,217,9.76,5
Kater Blau,2022-01-29,Sophie,188,16.14,4
Berghain,2022-03-14,Lena,101,18.9,5
KitKatClub,2022-10-10,Paul,235,10.69,1
Watergate,2022-01-17,Anna,258,12.94,5
Salon zur Wilden Renate,2022-05-07,Sophie,96,10.52,1
Salon zur Wilden Renate,2022-05-07,Anna,158,7.84,3
Watergate,2022-02-03,Anna,236,6.74,4
Kater Blau,2022-02-28,Anna,66,9.6,2
Renate,2022-03-24,Max,159,19.31,1
Watergate,2022-01-24,Lena,247,12.14,2
Sisyphos,2022-10-11,Anna,105,7.37,5
Salon zur Wilden Renate,2022-07-30,Max,253,8.96,4
Sisyphos,2022-10-09,Anna,293,13.6,1
Tresor,2022-01-31,Paul,134,19.16,4
Berghain,2022-07-21,Paul,165,16.57,3
Renate,2022-10-31,Anna,135,8.35,1
Watergate,2022-10-30,Anna,87,12.82,1
About Blank,2022-04-14,Anna,62,14.6,3
KitKatClub,2022-07-31,Anna,104,10.9,4
Kater Blau,2022-04-24,Anna,63,11.47,1
KitKatClub,2022-10-08,Anna,137,5.99,3
About Blank,2022-03-26,Lena,187,6.45,2
Watergate,2022-11-13,Anna,182,15.24,2
About Blank,2022-12-02,Max,201,16.47,3
Tresor,2022-08-10,Sophie,290,6.27,2
About Blank,2022-02-24,Anna,80,5.21,2
Tresor,2022-08-13,Max,263,13.22,3
Salon zur Wilden Renate,2022-06-14,Max,274,15.28,5
Berghain,2022-06-27,Paul,193,11.14,4
Renate,2022-07-31,Max,248,7.77,5
Renate,2022-09-28,Anna,210,17.58,4
About Blank,2022-02-08,Lena,257,10.84,3
Watergate,2022-07-26,Lena,174,16.19,2
About Blank,2022-12-12,Anna,177,16.31,4
Tresor,2022-10-06,Max,263,11.41,2
Tresor,2022-03-03,Anna,275,13.96,5
Kater Blau,2022-10-02,Anna,147,14.03,4
Salon zur Wilden Renate,2022-06-15,Lena,243,13.68,2
Watergate,2023-01-01,Lena,143,10.93,2
Berghain,2022-05-17,Paul,278,18.06,3
Watergate,2022-05-31,Sophie,165,6.13,4
KitKatClub,2022-09-21,Lena,240,17.31,1
About Blank,2022-08-31,Sophie,91,17.14,2
Tresor,2022-10-24,Max,183,6.15,5
Tresor,2022-05-11,Anna,286,5.71,5
Ipse,2022-02-17,Paul,262,9.09,2
Kater Blau,2022-03-12,Lena,268,13.19,5
Berghain,2022-05-29,Sophie,116,17.48,1
Tresor,2022-01-17,Lena,94,17.41,3
Salon zur Wilden Renate,2022-06-11,Sophie,229,13.09,2
Ipse,2022-03-27,Anna,275,11.96,3
Tresor,2022-11-19,Anna,252,6.22,2
KitKatClub,2022-02-10,Lena,258,14.32,5
Sisyphos,2022-08-14,Sophie,225,6.94,3
Renate,2022-05-31,Anna,182,6.09,1
Ipse,2022-07-29,Max,298,10.93,3
Salon zur Wilden Renate,2022-03-22,Sophie,149,6.6,1
Ipse,2022-02-19,Sophie,113,10.54,5
Salon zur Wilden Renate,2022-07-03,Max,280,13.42,2
Watergate,2022-09-17,Lena,224,6.49,3
Sisyphos,2022-07-23,Anna,97,16.58,2
Watergate,2022-07-05,Anna,70,17.99,2
Tresor,2022-09-10,Max,182,19.46,5
KitKatClub,2022-08-06,Paul,214,16.94,3
Sisyphos,2022-10-29,Sophie,200,8.16,1
Watergate,2022-11-01,Sophie,261,5.04,4
Berghain,2022-02-13,Max,114,10.75,5
Sisyphos,2022-03-04,Sophie,266,12.95,1
Kater Blau,2022-07-06,Sophie,288,9.64,4
Berghain,2022-05-07,Lena,134,19.99,2
Salon zur Wilden Renate,2022-09-05,Sophie,139,10.14,5
About Blank,2022-01-14,Paul,192,14.57,4
Sisyphos,2022-07-10,Max,127,9.48,2
Ipse,2022-03-19,Paul,207,11.0,4
KitKatClub,2022-12-17,Anna,140,15.35,5
Renate,2022-02-05,Max,125,8.03,3
About Blank,2022-11-21,Sophie,265,11.21,1
Watergate,2022-10-05,Anna,232,9.51,3
Ipse,2022-02-18,Paul,187,13.44,2
Kater Blau,2022-05-13,Sophie,91,15.46,2
KitKatClub,2022-12-29,Max,128,18.89,3
Ipse,2022-02-05,Anna,173,10.36,5
Salon zur Wilden Renate,2022-12-08,Anna,161,14.17,5
About Blank,2022-03-08,Max,155,13.13,5
Ipse,2022-08-26,Paul,198,16.31,4
Watergate,2022-08-02,Max,210,15.05,4
Tresor,2022-08-24,Lena,242,15.64,5
Sisyphos,2022-03-25,Max,160,11.46,5
About Blank,2022-10-24,Max,285,5.6,1
Ipse,2022-03-17,Lena,50,15.57,2
Berghain,2022-08-12,Lena,137,18.22,4
Ipse,2022-05-22,Paul,81,10.45,1
Sisyphos,2022-07-27,Lena,274,11.28,5
Kater Blau,2022-06-18,Max,54,14.11,3
Sisyphos,2022-09-15,Sophie,137,8.81,3
Watergate,2022-01-12,Anna,116,9.46,5
Kater Blau,2022-03-03,Sophie,288,10.17,5
KitKatClub,2022-04-09,Anna,232,16.49,4
Salon zur Wilden Renate,2022-01-18,Sophie,163,12.44,4
Kater Blau,2022-08-12,Paul,108,14.11,3
Ipse,2022-02-04,Max,186,12.18,1
Tresor,2022-03-13,Lena,295,17.18,4
Salon zur Wilden Renate,2022-03-09,Lena,276,16.57,2
Tresor,2022-06-09,Max,54,5.97,1
Renate,2023-01-01,Sophie,101,8.3,3
Sisyphos,2022-06-16,Lena,92,17.97,2
Sisyphos,2022-11-07,Lena,216,13.88,2
Salon zur Wilden Renate,2022-09-24,Max,129,19.67,3
About Blank,2022-04-10,Sophie,79,9.56,3
About Blank,2022-11-29,Anna,114,6.7,3
Berghain,2022-09-16,Sophie,97,14.04,5
Ipse,2022-07-21,Anna,51,10.02,3
Berghain,2022-06-14,Sophie,185,11.89,4
Ipse,2022-11-10,Anna,163,14.44,4
Renate,2022-02-04,Anna,244,17.83,1
Tresor,2022-01-27,Max,162,19.17,4
Salon zur Wilden Renate,2022-06-05,Lena,191,19.64,1
About Blank,2022-03-24,Sophie,211,19.36,2
Salon zur Wilden Renate,2022-07-30,Anna,170,14.64,3
Watergate,2022-08-15,Anna,190,17.78,1
Berghain,2022-03-04,Paul,251,7.84,2
Ipse,2022-08-31,Max,185,7.71,4
Tresor,2022-10-23,Sophie,183,19.28,1
Sisyphos,2022-05-17,Anna,183,9.06,2
Salon zur Wilden Renate,2022-05-27,Max,114,14.33,2
Tresor,2022-10-07,Anna,172,16.52,5
About Blank,2022-12-22,Lena,174,6.26,4
Ipse,2022-05-12,Anna,230,11.55,3
Ipse,2022-06-18,Max,131,10.42,3
Kater Blau,2022-01-31,Sophie,259,11.99,5
About Blank,2022-10-28,Sophie,89,6.89,3
Tresor,2022-05-19,Paul,76,19.08,3
Sisyphos,2022-07-25,Paul,299,19.47,1
Berghain,2022-04-14,Max,263,17.75,2
About Blank,2022-04-23,Sophie,217,17.83,1
Berghain,2022-09-02,Max,123,13.63,5
Ipse,2022-12-09,Anna,67,7.08,1
KitKatClub,2022-06-28,Anna,298,17.64,3
Tresor,2022-04-18,Sophie,93,18.41,2
Kater Blau,2022-09-20,Lena,280,17.51,5
KitKatClub,2022-12-18,Lena,175,8.73,3
Sisyphos,2022-06-21,Paul,109,5.31,2
Renate,2022-10-04,Max,201,15.67,2
Tresor,2022-07-05,Anna,271,18.29,5
Kater Blau,2022-08-24,Sophie,195,17.62,2
Kater Blau,2022-09-23,Sophie,165,7.96,2
Berghain,2022-11-13,Lena,289,8.18,5
Ipse,2022-07-13,Sophie,255,6.0,1
KitKatClub,2022-08-05,Sophie,269,15.46,3
Kater Blau,2022-02-21,Max,184,19.24,1
Renate,2022-06-21,Lena,284,13.91,3
Kater Blau,2022-03-07,Lena,111,10.34,3
KitKatClub,2022-06-26,Lena,160,19.19,3
Tresor,2022-01-12,Lena,223,16.36,5
Berghain,2022-09-28,Lena,138,11.22,5
Ipse,2022-02-03,Sophie,136,12.04,5
Renate,2022-09-09,Sophie,65,7.9,5
Renate,2022-01-24,Paul,231,13.13,1
Watergate,2022-03-13,Max,121,14.73,2
Sisyphos,2022-02-15,Max,130,9.51,3
About Blank,2022-09-18,Anna,57,8.4,2
Renate,2022-03-06,Paul,157,19.45,2
Watergate,2022-04-16,Paul,76,14.22,5
Watergate,2022-02-26,Sophie,270,7.76,2
Berghain,2022-01-18,Max,120,10.48,2
Kater Blau,2022-05-01,Max,250,5.8,1
Kater Blau,2022-01-03,Sophie,283,18.46,4
Tresor,2022-07-21,Max,198,14.3,2
Kater Blau,2022-09-18,Anna,63,5.8,1
About Blank,2022-07-03,Max,245,8.55,1
Tresor,2022-06-27,Sophie,135,16.8,1
KitKatClub,2022-08-14,Sophie,133,18.51,1
